-- MySQL dump 10.13  Distrib 9.0.1, for macos14.4 (x86_64)
--
-- Host: localhost    Database: tp4_dh
-- ------------------------------------------------------
-- Server version	8.2.0

/*!40101 SET @OLD_CHARACTER_SET_CLIENT=@@CHARACTER_SET_CLIENT */;
/*!40101 SET @OLD_CHARACTER_SET_RESULTS=@@CHARACTER_SET_RESULTS */;
/*!40101 SET @OLD_COLLATION_CONNECTION=@@COLLATION_CONNECTION */;
/*!50503 SET NAMES utf8mb4 */;
/*!40103 SET @OLD_TIME_ZONE=@@TIME_ZONE */;
/*!40103 SET TIME_ZONE='+00:00' */;
/*!40014 SET @OLD_UNIQUE_CHECKS=@@UNIQUE_CHECKS, UNIQUE_CHECKS=0 */;
/*!40014 SET @OLD_FOREIGN_KEY_CHECKS=@@FOREIGN_KEY_CHECKS, FOREIGN_KEY_CHECKS=0 */;
/*!40101 SET @OLD_SQL_MODE=@@SQL_MODE, SQL_MODE='NO_AUTO_VALUE_ON_ZERO' */;
/*!40111 SET @OLD_SQL_NOTES=@@SQL_NOTES, SQL_NOTES=0 */;

--
-- Table structure for table `dimension_clientes`
--

DROP TABLE IF EXISTS `dimension_clientes`;
/*!40101 SET @saved_cs_client     = @@character_set_client */;
/*!50503 SET character_set_client = utf8mb4 */;
CREATE TABLE `dimension_clientes` (
  `id_cliente` int NOT NULL,
  `nombre` varchar(255) DEFAULT NULL,
  `ciudad` varchar(100) DEFAULT NULL,
  `provincia` varchar(100) DEFAULT NULL,
  `zona` varchar(100) DEFAULT NULL,
  `tipo_cliente` varchar(100) DEFAULT NULL,
  `rango_edad` varchar(50) DEFAULT NULL,
  PRIMARY KEY (`id_cliente`)
) ENGINE=InnoDB DEFAULT CHARSET=utf8mb4 COLLATE=utf8mb4_0900_ai_ci;
/*!40101 SET character_set_client = @saved_cs_client */;

--
-- Dumping data for table `dimension_clientes`
--

LOCK TABLES `dimension_clientes` WRITE;
/*!40000 ALTER TABLE `dimension_clientes` DISABLE KEYS */;
INSERT INTO `dimension_clientes` VALUES (1001,'Nowmer, Sheri','poughkeepsie','new york','East','minorista','Más de 60'),(1002,'Whelply, Derrick','manhattan','new york','East','minorista','Más de 60'),(1003,'Derry, Jeanne','long island','new york','East','minorista','Más de 60'),(1004,'Spence, Michael','buffalo','new york','East','minorista','40 a 60'),(1005,'Gutierrez, Maya','yorktown','new york','East','minorista','40 a 60'),(1006,'Damstra, Robert','manhattan','new york','East','minorista','Más de 60'),(1007,'Kanagaki, Rebecca','ithaca','new york','East','minorista','40 a 60'),(1008,'Brunner, Kim','buffalo','new york','East','minorista','Más de 60'),(1009,'Blumberg, Brenda','yorktown','new york','East','minorista','Más de 60'),(1010,'Stanz, Darren','millbrook','new york','East','minorista','Más de 60'),(1011,'Murraiin, Jonathan','long island','new york','East','minorista','Más de 60'),(1012,'Creek, Jewel','manhattan','new york','East','minorista','40 a 60'),(1013,'Medina, Peggy','poughkeepsie','new york','East','minorista','Más de 60'),(1014,'Rutledge, Bryan','manhattan','new york','East','minorista','Más de 60'),(1015,'Cavestany, Walter','ithaca','new york','East','minorista','Más de 60'),(1016,'Planck, Peggy','millbrook','new york','East','minorista','40 a 60'),(1017,'Marshall, Brenda','yorktown','new york','East','minorista','Más de 60'),(1018,'Wolter, Daniel','poughkeepsie','new york','East','minorista','Desconocido'),(1019,'Collins, Dianne','andover','massachusetts','East','minorista','40 a 60'),(1020,'Baker, Beverly','cape cod','massachusetts','East','minorista','Más de 60'),(1021,'Castillo, Pedro','cape cod','massachusetts','East','minorista','Más de 60'),(1022,'Borges, Laurie','acton','massachusetts','East','minorista','Más de 60'),(1023,'Wyro, Shauna','andover','massachusetts','East','minorista','Más de 60'),(1024,'Wyllie, Jacqueline','andover','massachusetts','East','minorista','40 a 60'),(1025,'Conley, Lin','cape cod','massachusetts','East','minorista','Más de 60'),(1026,'Bernard, Jose','andover','massachusetts','East','minorista','40 a 60'),(1027,'Macaluso, Charles','manchester','new hampshire','East','minorista','Más de 60'),(1028,'Wood, Lois','manchester','new hampshire','East','minorista','Más de 60'),(1029,'Armstrong, Kevin','manchester','new hampshire','East','minorista','40 a 60'),(1030,'Goldey, Cody','manchester','new hampshire','East','minorista','40 a 60'),(1031,'Nickell, Paula','portsmouth','new hampshire','East','minorista','Más de 60'),(1032,'Long, Eric','portsmouth','new hampshire','East','minorista','40 a 60'),(1033,'Solimena, Mary','portsmouth','new hampshire','East','minorista','Más de 60'),(1034,'Muenich, Nathan','portsmouth','new hampshire','East','minorista','Más de 60'),(1035,'Young, Ed','portsmouth','new hampshire','East','minorista','40 a 60'),(1036,'Arnold, Donna','manchester','new hampshire','East','minorista','Más de 60'),(1037,'Cooper, Jennifer','manchester','new hampshire','East','minorista','40 a 60'),(1038,'Petty, Peggy','portsmouth','new hampshire','East','minorista','Más de 60'),(1039,'Olguin, Jessica','manchester','new hampshire','East','minorista','Más de 60'),(1040,'Burchett, Phyllis','manchester','new hampshire','East','minorista','Más de 60'),(1041,'Bechard, Howard','manchester','new hampshire','East','minorista','Más de 60'),(1042,'Carter, Doris','manchester','new hampshire','East','minorista','40 a 60'),(1043,'Sharp, Juanita','new london','connecticut','East','minorista','Más de 60'),(1044,'Brunner, Sandra','danbury','connecticut','East','minorista','Más de 60'),(1045,'Staton, Ernest','new london','connecticut','East','minorista','40 a 60'),(1046,'Sims, Rose','new canaan','connecticut','East','minorista','Más de 60'),(1047,'De Carlo, Lauretta','new canaan','connecticut','East','minorista','Más de 60'),(1048,'Williams, Mary','new canaan','connecticut','East','minorista','40 a 60'),(1049,'Burke, Terri','new london','connecticut','East','minorista','40 a 60'),(1050,'Osborn, Audrey','new london','connecticut','East','minorista','Más de 60'),(1051,'Binai, Brian','danbury','connecticut','East','minorista','Más de 60'),(1052,'Lozada, Concepcion','danbury','connecticut','East','minorista','Más de 60'),(1053,'Tays, Paul','new london','connecticut','East','minorista','Más de 60'),(1054,'Thorton, Cheryl','new canaan','connecticut','East','minorista','Más de 60'),(1055,'Dumin, Gary','tampa bay','florida','East','minorista','Más de 60'),(1056,'Chin, Pat','orlando','florida','East','minorista','40 a 60'),(1057,'Lovell, Zach','miami','florida','East','minorista','Más de 60'),(1058,'Ratcliff, Dave','miami','florida','East','minorista','Más de 60'),(1059,'Moss, Elizabeth','tampa bay','florida','East','minorista','40 a 60'),(1060,'Anderson, Lori','tampa bay','florida','East','minorista','40 a 60'),(1061,'Everson, Michael','miami','florida','East','minorista','40 a 60'),(1062,'Borden, Mary','tampa bay','florida','East','minorista','40 a 60'),(1063,'Willson, Sue','tampa bay','florida','East','minorista','Más de 60'),(1064,'Harris, Clayton','orlando','florida','East','minorista','Más de 60'),(1065,'Contreras, Whitney','orlando','florida','East','minorista','Más de 60'),(1066,'Pusedu, Boyd','orlando','florida','East','minorista','Más de 60'),(1067,'Stedman, Cian','orlando','florida','East','minorista','40 a 60'),(1068,'Zocchi, Michele','orlando','florida','East','minorista','Más de 60'),(1069,'Walsh, Jean','tampa bay','florida','East','minorista','40 a 60'),(1070,'Renfro, Leopoldo','orlando','florida','East','minorista','40 a 60'),(1071,'Brockett, Donna','chicago','illinois',NULL,'minorista','40 a 60'),(1072,'Anderson, Laurie','chicago','illinois',NULL,'minorista','40 a 60'),(1073,'Gomez, Louis','peoria','illinois','Central','minorista','Más de 60'),(1074,'Walker, Julie','peoria','illinois','Central','minorista','Más de 60'),(1075,'Jones, Jay','chicago','illinois',NULL,'minorista','Más de 60'),(1076,'Winfrey, Gayle','peoria','illinois','Central','minorista','40 a 60'),(1077,'Brown, Yasmina','peoria','illinois','Central','minorista','Más de 60'),(1078,'Touchstone, Joseph','peoria','illinois','Central','minorista','Más de 60'),(1079,'Bakhtyari, Mary','peoria','illinois','Central','minorista','Más de 60'),(1080,'Glass, Melvin','chicago','illinois',NULL,'minorista','Más de 60'),(1081,'Cohen, Kristin','chicago','illinois',NULL,'minorista','40 a 60'),(1082,'Kharman, Susan','peoria','illinois','Central','minorista','Más de 60'),(1083,'Kirschner, Gordon','peoria','illinois','Central','minorista','Más de 60'),(1084,'Burger, William','chicago','illinois',NULL,'minorista','40 a 60'),(1085,'Blau, Lana','peoria','illinois','Central','minorista','Más de 60'),(1086,'Derby, Donna','chicago','illinois',NULL,'minorista','Más de 60'),(1087,'Thomson, Kathleen','peoria','illinois','Central','minorista','40 a 60'),(1088,'Walton, Gabriel','chicago','illinois',NULL,'minorista','Más de 60'),(1089,'Meastas, Bishop','chicago','illinois',NULL,'minorista','Más de 60'),(1090,'Kouba, Geneva','chicago','illinois',NULL,'minorista','Más de 60'),(1091,'Clark, Tricia','peoria','illinois','Central','minorista','40 a 60'),(1092,'Munn, Debi','madison','wisconsin','Central','minorista','40 a 60'),(1093,'Goldberg, Patricia','milwaukee','wisconsin','Central','minorista','Más de 60'),(1094,'Magenheim, Susan','appleton','wisconsin','Central','minorista','Más de 60'),(1095,'Hance, Nancy','madison','wisconsin','Central','minorista','Más de 60'),(1096,'Mehlert, Rhonda','madison','wisconsin','Central','minorista','40 a 60'),(1097,'Duran, Paula','appleton','wisconsin','Central','minorista','Más de 60'),(1098,'Earley, Margaret','madison','wisconsin','Central','minorista','Más de 60'),(1099,'Horne, Elizabeth','madison','wisconsin','Central','minorista','Más de 60'),(1100,'Hunt, Mary','milwaukee','wisconsin','Central','minorista','Más de 60'),(1101,'Allen, Libby','milwaukee','wisconsin','Central','minorista','Más de 60'),(1102,'Bruno, Bonnie','madison','wisconsin','Central','minorista','Más de 60'),(1103,'Bowers, Angela','milwaukee','wisconsin','Central','minorista','Más de 60'),(1104,'Gonzales, Donald','madison','wisconsin','Central','minorista','Más de 60'),(1105,'Valdez, Sylvester','milwaukee','wisconsin','Central','minorista','Más de 60'),(1106,'Stewart, John','appleton','wisconsin','Central','minorista','Más de 60'),(1107,'Velasquez, Barney','madison','wisconsin','Central','minorista','Más de 60'),(1108,'Dubois, Kenneth','madison','wisconsin','Central','minorista','Más de 60'),(1109,'Maestas, Kate','appleton','wisconsin','Central','minorista','Más de 60'),(1110,'Underwood, Josie','milwaukee','wisconsin','Central','minorista','Más de 60'),(1111,'Strain, Ramon','appleton','wisconsin','Central','minorista','Más de 60'),(1112,'Azari, Pat','columbus','ohio','Central','minorista','40 a 60'),(1113,'Dabit, Bob','akron','ohio','Central','minorista','Más de 60'),(1114,'Carmona, Marty','columbus','ohio','Central','minorista','Más de 60'),(1115,'Saxton, Gina','akron','ohio','Central','minorista','Más de 60'),(1116,'McLaughlin, Juan','toledo','ohio','Central','minorista','Más de 60'),(1117,'Eyster, Carol','columbus','ohio','Central','minorista','40 a 60'),(1118,'Henry, Nancy','toledo','ohio','Central','minorista','Más de 60'),(1119,'Barros, Chris','akron','ohio','Central','minorista','Más de 60'),(1120,'Groome, Christopher','cleveland','ohio','Central','minorista','40 a 60'),(1121,'Hill, Anna','toledo','ohio','Central','minorista','Más de 60'),(1122,'Williams, Ramon','akron','ohio','Central','minorista','40 a 60'),(1123,'Masters, Scott','cleveland','ohio','Central','minorista','40 a 60'),(1124,'Brady, Jr., Joseph','columbus','ohio','Central','minorista','Más de 60'),(1125,'Gray, Ellen','akron','ohio','Central','minorista','40 a 60'),(1126,'Fielder, Henry','columbus','ohio','Central','minorista','Más de 60'),(1127,'Finnell, Jeanine','cleveland','ohio','Central','minorista','Más de 60'),(1128,'Schuetz, Ian','cleveland','ohio','Central','minorista','Más de 60'),(1129,'Runyon, Richard','kansas city','missouri','Central','minorista','40 a 60'),(1130,'Potter, Linda','kansas city','missouri','Central','minorista','Más de 60'),(1131,'Smith, Mary','st. loius','missouri','Central','minorista','Más de 60'),(1132,'Brumagen, Barbara','st. loius','missouri','Central','minorista','Más de 60'),(1133,'Hamilton, Thelma','kansas city','missouri','Central','minorista','40 a 60'),(1134,'J Wilbert, Shirley','kansas city','missouri','Central','minorista','Más de 60'),(1135,'Ingram, Jeremy','st. loius','missouri','Central','minorista','Más de 60'),(1136,'Haddix, Sharon','kansas city','missouri','Central','minorista','Más de 60'),(1137,'Thomas, Leland','kansas city','missouri','Central','minorista','40 a 60'),(1138,'Wilson, Don','st. loius','missouri','Central','minorista','Más de 60'),(1139,'Stovall, Wayne','kansas city','missouri','Central','minorista','40 a 60'),(1140,'Russell, Douglas','kansas city','missouri','Central','minorista','Más de 60'),(1141,'Doose, Maureen','kansas city','missouri','Central','minorista','Más de 60'),(1142,'Morreale, Ann','st. loius','missouri','Central','minorista','40 a 60'),(1143,'Rupert, Sheila','kansas city','missouri','Central','minorista','Más de 60'),(1144,'Pierson, Ashley','st. loius','missouri','Central','minorista','40 a 60'),(1145,'Nickels, Ivan','kansas city','missouri','Central','minorista','Más de 60'),(1146,'Neuhauser, Chad','st. loius','missouri','Central','minorista','40 a 60'),(1147,'Coke, Ann','kansas city','missouri','Central','minorista','Más de 60'),(1148,'Scarbrough, Jon','kansas city','missouri','Central','minorista','Más de 60'),(1149,'Martensen, Lillian','st. loius','missouri','Central','minorista','Más de 60'),(1150,'McCormick, Mary','st. loius','missouri','Central','minorista','Más de 60'),(1151,'Sparacino, James','st. loius','missouri','Central','minorista','40 a 60'),(1152,'Racette, John','kansas city','missouri','Central','minorista','Más de 60'),(1153,'Thompson, Edwardo','des moines','iowa','Central','minorista','40 a 60'),(1154,'Warren, Sam','dubuque','iowa','Central','minorista','40 a 60'),(1155,'Chow-Wang, Shelby','des moines','iowa','Central','minorista','Más de 60'),(1156,'Wood, Nelly','dubuque','iowa','Central','minorista','Más de 60'),(1157,'Morgan, Jackie','des moines','iowa','Central','minorista','Más de 60'),(1158,'Boje, Gavin','des moines','iowa','Central','minorista','40 a 60'),(1159,'Tsujimoto, Marlene','dubuque','iowa','Central','minorista','Más de 60'),(1160,'Bouton, RitaIva','des moines','iowa','Central','minorista','Más de 60'),(1161,'Gras, Dell','des moines','iowa','Central','minorista','Más de 60'),(1162,'Solano, Christopher','des moines','iowa','Central','minorista','Más de 60'),(1163,'Armstrong, George','dubuque','iowa','Central','minorista','Más de 60'),(1164,'Aldred, Kristine','dubuque','iowa','Central','minorista','Más de 60'),(1165,'Jorgenson, Tom','des moines','iowa','Central','minorista','Más de 60'),(1166,'Turner, Dana','des moines','iowa','Central','minorista','40 a 60'),(1167,'Zakerski, Terry','dubuque','iowa','Central','minorista','Más de 60'),(1168,'Carlson, David','des moines','iowa','Central','minorista','Más de 60'),(1169,'Symons, Linda','dubuque','iowa','Central','minorista','Más de 60'),(1170,'Reynolds, Louis','dubuque','iowa','Central','minorista','Más de 60'),(1171,'Ibsen, Maureen','dubuque','iowa','Central','minorista','40 a 60'),(1172,'Ciochon, Virginia','dubuque','iowa','Central','minorista','Más de 60'),(1173,'Berger, Steve','oklahoma city','oklahoma','South','minorista','Más de 60'),(1174,'Bayol, James','oklahoma city','oklahoma','South','minorista','Más de 60'),(1175,'Thumann, Meredith','tulsa','oklahoma','South','minorista','Más de 60'),(1176,'Jones, Julie','oklahoma city','oklahoma','South','minorista','Más de 60'),(1177,'Bury, Janet','tulsa','oklahoma','South','minorista','Más de 60'),(1178,'Bevan, Onita','tulsa','oklahoma','South','minorista','Más de 60'),(1179,'Monarco, Mary','oklahoma city','oklahoma','South','minorista','40 a 60'),(1180,'Zingarelli, Vicky','oklahoma city','oklahoma','South','minorista','Más de 60'),(1181,'Valentine, Helen','tulsa','oklahoma','South','minorista','Más de 60'),(1182,'Scheulen, Carol','oklahoma city','oklahoma','South','minorista','Más de 60'),(1183,'Koon, Virgie','tulsa','oklahoma','South','minorista','40 a 60'),(1184,'Amole, Sarah','oklahoma city','oklahoma','South','minorista','Más de 60'),(1185,'Hill, Cecil','oklahoma city','oklahoma','South','minorista','40 a 60'),(1186,'Tate, Ruth','oklahoma city','oklahoma','South','minorista','40 a 60'),(1187,'Schnurr, Larry','oklahoma city','oklahoma','South','minorista','Más de 60'),(1188,'Sutton, Jerry','tulsa','oklahoma','South','minorista','Más de 60'),(1189,'Mlincek, Kevin','tulsa','oklahoma','South','minorista','Más de 60'),(1190,'Tucker, Edward','oklahoma city','oklahoma','South','minorista','40 a 60'),(1191,'Forham, Kenton','tulsa','oklahoma','South','minorista','Más de 60'),(1192,'Malik, Brittany','new orleans','louisiana','South','minorista','40 a 60'),(1193,'Eldridge, Jeannette','new orleans','louisiana','South','minorista','Más de 60'),(1194,'Anderson, Terry','new orleans','louisiana','South','minorista','Más de 60'),(1195,'Sosa, Loni','new orleans','louisiana','South','minorista','Más de 60'),(1196,'Mann, Marie','shreveport','louisiana','South','minorista','Más de 60'),(1197,'Prater, Michael','new orleans','louisiana','South','minorista','Desconocido'),(1198,'Ansaldo, Karen','new orleans','louisiana','South','minorista','Más de 60'),(1199,'Caijem, Lance','new orleans','louisiana','South','minorista','Más de 60'),(1200,'Yates, Pamela','shreveport','louisiana','South','minorista','Más de 60'),(1201,'Turner, Iwona','new orleans','louisiana','South','minorista','40 a 60'),(1202,'Fulcher, Mary','shreveport','louisiana','South','minorista','Más de 60'),(1203,'Berg, Raymond','new orleans','louisiana','South','minorista','Más de 60'),(1204,'Lopez, Ramona','shreveport','louisiana','South','minorista','Más de 60'),(1205,'Valdivia, Helen','new orleans','louisiana','South','minorista','40 a 60'),(1206,'Cardoza, Beverly','new orleans','louisiana','South','minorista','40 a 60'),(1207,'Hall, Mary','shreveport','louisiana','South','minorista','Más de 60'),(1208,'Minarick, Rachel','new orleans','louisiana','South','minorista','Más de 60'),(1209,'Los Olmos, Dorine','shreveport','louisiana','South','minorista','Más de 60'),(1210,'Garner, Dave','dallas','texas','South','minorista','Más de 60'),(1211,'Leong, Lois','houston','texas','South','minorista','Más de 60'),(1212,'Tate, Larasa','amarillo','texas','South','minorista','40 a 60'),(1213,'Watson, David','san antonio','texas','South','minorista','40 a 60'),(1214,'Frank, James','san antonio','texas','South','minorista','Más de 60'),(1215,'Wood, Alfredo','dallas','texas','South','minorista','Más de 60'),(1216,'Baird, Dorothy','san antonio','texas','South','minorista','Más de 60'),(1217,'Jans, George','amarillo','texas','South','minorista','Más de 60'),(1218,'Garrison, Bernadine','houston','texas','South','minorista','Más de 60'),(1219,'Zeller, Sam','houston','texas','South','minorista','Más de 60'),(1220,'Ace, Dorothy','sweetwater','texas','South','minorista','40 a 60'),(1221,'Trujillo, Adria','san antonio','texas','South','minorista','40 a 60'),(1222,'McCown, Bunny','amarillo','texas','South','minorista','Más de 60'),(1223,'Miller, Nancy','san antonio','texas','South','minorista','Más de 60'),(1224,'Hollar, Wanda','amarillo','texas','South','minorista','Más de 60'),(1225,'Wallin, Barbara','houston','texas','South','minorista','40 a 60'),(1226,'Bruha, Michael','houston','texas','South','minorista','40 a 60'),(1227,'Suggs, Michael','albuquerque','new mexico','South','minorista','Más de 60'),(1228,'Turner, Kenneth','albuquerque','new mexico','South','minorista','Más de 60'),(1229,'Griffin, Lois','albuquerque','new mexico','South','minorista','Más de 60'),(1230,'Guardamondo, Robert','albuquerque','new mexico','South','minorista','40 a 60'),(1231,'West, Bryan','albuquerque','new mexico','South','minorista','40 a 60'),(1232,'Welsh, Vicki','albuquerque','new mexico','South','minorista','Más de 60'),(1233,'McCollum, Harvey','albuquerque','new mexico','South','minorista','40 a 60'),(1234,'Cramer, Mary','albuquerque','new mexico','South','minorista','40 a 60'),(1235,'Fike, Linda','albuquerque','new mexico','South','minorista','Más de 60'),(1236,'Adair, Sam','albuquerque','new mexico','South','minorista','Más de 60'),(1237,'Kolosso, Jerry','albuquerque','new mexico','South','minorista','Más de 60'),(1238,'Carpenter, Todd','albuquerque','new mexico','South','minorista','Más de 60'),(1239,'Watkins, Lisa','albuquerque','new mexico','South','minorista','Más de 60'),(1240,'Barrera, Kevin','albuquerque','new mexico','South','minorista','40 a 60'),(1241,'Price, Maria','albuquerque','new mexico','South','minorista','40 a 60'),(1242,'Rosemont, Flossie','albuquerque','new mexico','South','minorista','Más de 60'),(1243,'McMenama, Betty','albuquerque','new mexico','South','minorista','40 a 60'),(1244,'Lyons, Max','albuquerque','new mexico','South','minorista','Más de 60'),(1245,'Sandy Kurtz, Christine','albuquerque','new mexico','South','minorista','40 a 60'),(1246,'Santry, Rita','aspen','colorado','Central','minorista','Más de 60'),(1247,'Quigle, Catherine','aspen','colorado','Central','minorista','Más de 60'),(1248,'Christensen, Patricia','denver','colorado','Central','minorista','Más de 60'),(1249,'Mercurio, Anne','grand junction','colorado','Central','minorista','Más de 60'),(1250,'McGrath, Louis','grand junction','colorado','Central','minorista','Más de 60'),(1251,'Wright, Rachael','denver','colorado','Central','minorista','Más de 60'),(1252,'Skuce, Richard','denver','colorado','Central','minorista','Más de 60'),(1253,'Coleman, George','denver','colorado','Central','minorista','Más de 60'),(1254,'Barnes, Lois','denver','colorado','Central','minorista','Más de 60'),(1255,'Camille, Jacky','grand junction','colorado','Central','minorista','40 a 60'),(1256,'Allenbach, Michelle','denver','colorado','Central','minorista','Más de 60'),(1257,'Smith, Franklin','aspen','colorado','Central','minorista','Más de 60'),(1258,'Minker, John','aspen','colorado','Central','minorista','Más de 60'),(1259,'Jimenez, Sarah','aspen','colorado','Central','minorista','40 a 60'),(1260,'Malaby, Darwin','aspen','colorado','Central','minorista','Más de 60'),(1261,'Caldwell, Pamela','grand junction','colorado','Central','minorista','Más de 60'),(1262,'Tinder, Roger','grand junction','colorado','Central','minorista','40 a 60'),(1263,'Kropff, Joseph','grand junction','colorado','Central','minorista','40 a 60'),(1264,'Worsham, Mimi','grand junction','colorado','Central','minorista','Más de 60'),(1265,'Bernal, Ruth','provo','utah','West','minorista','Más de 60'),(1266,'Zimmerman, Yolanda','provo','utah','West','minorista','Más de 60'),(1267,'Evans, Sandra','salt lake city','utah','West','minorista','Más de 60'),(1268,'Bowman, Virginia','provo','utah','West','minorista','Más de 60'),(1269,'Coleman, Mary','salt lake city','utah','West','minorista','40 a 60'),(1270,'Chrisulis, Kevin','salt lake city','utah','West','minorista','Más de 60'),(1271,'Whitcomb, Lee','provo','utah','West','minorista','40 a 60'),(1272,'Turcios, Brian','provo','utah','West','minorista','Más de 60'),(1273,'Confetti, Jennifer','salt lake city','utah','West','minorista','Más de 60'),(1274,'Takemura, Geneva','salt lake city','utah','West','minorista','Más de 60'),(1275,'Campbell, Lynn','salt lake city','utah','West','minorista','Más de 60'),(1276,'Smith, Nina','salt lake city','utah','West','minorista','Más de 60'),(1277,'Vuong, Darrell','provo','utah','West','minorista','Más de 60'),(1278,'Abbott, Eric','salt lake city','utah','West','minorista','Más de 60'),(1279,'Liff, Doris','salt lake city','utah','West','minorista','Más de 60'),(1280,'Steinberg, John','salt lake city','utah','West','minorista','40 a 60'),(1281,'Megel, Jerry','provo','utah','West','minorista','40 a 60'),(1282,'Styles, John','salt lake city','utah','West','minorista','40 a 60'),(1283,'Head, Shirley','salt lake city','utah','West','minorista','Más de 60'),(1284,'Story, James','salt lake city','utah','West','minorista','40 a 60'),(1285,'Boone, Jean','reno','nevada','West','minorista','Más de 60'),(1286,'Mccoy, Ralph','carson city','nevada','West','minorista','Más de 60'),(1287,'Tuck, Anne','carson city','nevada','West','minorista','Más de 60'),(1288,'Sincich, Joy','las vegas','nevada','West','minorista','Más de 60'),(1289,'Jameson, Bertha','reno','nevada','West','minorista','Más de 60'),(1290,'Sanchez, Charles','reno','nevada','West','minorista','Más de 60'),(1291,'Parks, Wanda','las vegas','nevada','West','minorista','Más de 60'),(1292,'Vij, Nathan','las vegas','nevada','West','minorista','Más de 60'),(1293,'Zugschwert, Corinne','las vegas','nevada','West','minorista','Más de 60'),(1294,'Adams, Michelle','las vegas','nevada','West','minorista','40 a 60'),(1295,'Steen, Donahue','reno','nevada','West','minorista','40 a 60'),(1296,'Baker, John','reno','nevada','West','minorista','40 a 60'),(1297,'Pearl, Keith','reno','nevada','West','minorista','40 a 60'),(1298,'Roundtree, Sarah','carson city','nevada','West','minorista','Más de 60'),(1299,'Bollin, Lawrence','carson city','nevada','West','minorista','Más de 60'),(1300,'Hopkins, Fred','carson city','nevada','West','minorista','40 a 60'),(1301,'Vicknair, Caroline','las vegas','nevada','West','minorista','40 a 60'),(1302,'McPhearson, Nancy','bend','oregon','West','minorista','Más de 60'),(1303,'Albright, Anna','bend','oregon','West','minorista','Más de 60'),(1304,'Thomas, Phyllis','bend','oregon','West','minorista','Más de 60'),(1305,'Perko, Tina','portland','oregon','West','minorista','Más de 60'),(1306,'McCarty, Jane','bend','oregon','West','minorista','Más de 60'),(1307,'Bent, Scot','portland','oregon','West','minorista','Más de 60'),(1308,'Chambers, Pat','portland','oregon','West','minorista','Más de 60'),(1309,'Bellifa, Stanley','portland','oregon','West','minorista','40 a 60'),(1310,'Johnson, Samuel','bend','oregon','West','minorista','Más de 60'),(1311,'Vrins, Janice','portland','oregon','West','minorista','Más de 60'),(1312,'Mcdonald, Christinia','bend','oregon','West','minorista','Más de 60'),(1313,'Weldon, Ole','portland','oregon','West','minorista','Más de 60'),(1314,'Choin, Ruth','bend','oregon','West','minorista','Más de 60'),(1315,'Crow, Sharon','bend','oregon','West','minorista','40 a 60'),(1316,'Avalos, Robert','bend','oregon','West','minorista','40 a 60'),(1317,'Jacobsen, Eric','portland','oregon','West','minorista','Más de 60'),(1318,'Castro, Pamela','portland','oregon','West','minorista','Más de 60'),(1319,'Caldwell, Sylvia','bend','oregon','West','minorista','Más de 60'),(1320,'Reed, Russell','portland','oregon','West','minorista','40 a 60'),(1321,'Kelley, Victor','san francisco','california','West','minorista','Más de 60'),(1322,'Taylor, Damon','los angeles','california','West','minorista','Más de 60'),(1323,'Robinson, Rebecca','santa clara','california','West','minorista','40 a 60'),(1324,'Thomsen, Andrea','bakersfield','california','West','minorista','40 a 60'),(1325,'Baldwin, Douglas','bakersfield','california','West','minorista','Más de 60'),(1326,'Yuhasz, Ian','san francisco','california','West','minorista','40 a 60'),(1327,'Carmody, Jovita','eureka','california','West','minorista','Más de 60'),(1328,'Gonzales, Lynn','san francisco','california','West','minorista','40 a 60'),(1329,'Allen, Phyllis','los angeles','california','West','minorista','Más de 60'),(1330,'Caprio, Johnny','sacramento','california','West','minorista','Más de 60'),(1331,'Slaven, Lanna','santa clara','california','West','minorista','Más de 60'),(1332,'Ortiz, Fred','san diego','california','West','minorista','Más de 60'),(1333,'Beaver, John','sacramento','california','West','minorista','Más de 60'),(1334,'Rhodes, Albert','fresno','california','West','minorista','Más de 60'),(1335,'Kaffer, Scott','eureka','california','West','minorista','40 a 60'),(1336,'Bales, Jennifer','bakersfield','california','West','minorista','Más de 60'),(1337,'Stotka, Louis','los angeles','california','West','minorista','Más de 60'),(1338,'Maynard, Sandra','spokane','washington','West','minorista','40 a 60'),(1339,'Tuell, Gracia','redmond','washington','West','minorista','40 a 60'),(1340,'Burnett, Timothy','seattle','washington','West','minorista','Más de 60'),(1341,'Haugh, James','spokane','washington','West','minorista','Más de 60'),(1342,'Moberly, Paula','seattle','washington','West','minorista','Más de 60'),(1343,'Meyer, Eric','redmond','washington','West','minorista','40 a 60'),(1344,'Orona, Gloria','seattle','washington','West','minorista','Más de 60'),(1345,'Warmack, Ruth','spokane','washington','West','minorista','Más de 60'),(1346,'Wall, Joanna','spokane','washington','West','minorista','Más de 60'),(1347,'Appelbaum, Sabria','redmond','washington','West','minorista','Más de 60'),(1348,'Kung, Jeffrey','spokane','washington','West','minorista','Más de 60'),(1349,'Wilson, Gloria','seattle','washington','West','minorista','Más de 60'),(1350,'Tuffield, Phyllis','seattle','washington','West','minorista','Más de 60'),(1351,'Ping, Patricia','seattle','washington','West','minorista','Más de 60'),(1352,'Shepard, David','spokane','washington','West','minorista','Más de 60'),(1353,'Bailey, James','redmond','washington','West','minorista','40 a 60'),(1354,'Chestnut, Susan','redmond','washington','West','minorista','Más de 60'),(1355,'Toone, Delia','seattle','washington','West','minorista','Más de 60'),(1356,'Armstrong, Thomas','seattle','washington','West','minorista','Más de 60'),(1357,'Billstrom, Mary','seattle','washington','West','minorista','Más de 60'),(1358,'Stotka, Robert','redmond','washington','West','minorista','Más de 60'),(1359,'Johnson, Danielle','seattle','washington','West','minorista','40 a 60'),(2001,'Son, Alma','millbrook','new york','East','mayorista','Más de 60'),(2002,'Brandon, Cornelius','manhattan','new york','East','mayorista','Más de 60'),(2003,'Quintana, Monica','long island','new york','East','mayorista','40 a 60'),(2004,'Colon, John','millbrook','new york','East','mayorista','Más de 60'),(2005,'Barlow, Brenda','poughkeepsie','new york','East','mayorista','40 a 60'),(2006,'Adina, Ronald','yorktown','new york','East','mayorista','Más de 60'),(2007,'Bohling, Michael','poughkeepsie','new york','East','mayorista','Más de 60'),(2008,'Wheeler, Sam','buffalo','new york','East','mayorista','Más de 60'),(2009,'Swearengin, Abraham','long island','new york','East','mayorista','Más de 60'),(2010,'Givens, David','buffalo','new york','East','mayorista','Más de 60'),(2011,'Beanston, Glenna','manhattan','new york','East','mayorista','Más de 60'),(2012,'Bruno, Dirk','ithaca','new york','East','mayorista','Más de 60'),(2013,'Berger, Alexander','buffalo','new york','East','mayorista','40 a 60'),(2014,'Sultan, Marcia','long island','new york','East','mayorista','40 a 60'),(2015,'Svoboda, Martin','poughkeepsie','new york','East','mayorista','Más de 60'),(2016,'Tullao, Mary','manhattan','new york','East','mayorista','40 a 60'),(2017,'Hernandez, Irene','millbrook','new york','East','mayorista','40 a 60'),(2018,'Wilkie, Jay Saxema','sudbury','massachusetts','East','mayorista','Más de 60'),(2019,'Lunt, Sean','andover','massachusetts','East','mayorista','Más de 60'),(2020,'Fulton, Paul','boston','massachusetts','East','mayorista','Más de 60'),(2021,'Dillon, Rudolph','acton','massachusetts','East','mayorista','Más de 60'),(2022,'Miller, Matthew','cape cod','massachusetts','East','mayorista','40 a 60'),(2023,'Stern, Vassar','acton','massachusetts','East','mayorista','40 a 60'),(2024,'Suffin, Ruth','cape cod','massachusetts','East','mayorista','Más de 60'),(2025,'Cleary, Kristine','andover','massachusetts','East','mayorista','Más de 60'),(2026,'Homax, Jaunita','acton','massachusetts','East','mayorista','40 a 60'),(2027,'Adams, Margaret','acton','massachusetts','East','mayorista','Más de 60'),(2028,'Zubaty, Carla','cape cod','massachusetts','East','mayorista','Más de 60'),(2029,'Khan, Tammy','acton','massachusetts','East','mayorista','Más de 60'),(2030,'Brinkd, David','sudbury','massachusetts','East','mayorista','Más de 60'),(2031,'Clark, James','sudbury','massachusetts','East','mayorista','Más de 60'),(2032,'Dennis, Helen','cape cod','massachusetts','East','mayorista','Más de 60'),(2033,'Brumfield, Eric','acton','massachusetts','East','mayorista','Más de 60'),(2034,'Sanchez, Madalena','acton','massachusetts','East','mayorista','Más de 60'),(2035,'Suess, Gary','acton','massachusetts','East','mayorista','Más de 60'),(2036,'Trach, Glenn','andover','massachusetts','East','mayorista','Desconocido'),(2037,'White, Cynthia','sudbury','massachusetts','East','mayorista','Más de 60'),(2038,'Brian, Walter','andover','massachusetts','East','mayorista','Más de 60'),(2039,'Trujillo, Christie','andover','massachusetts','East','mayorista','40 a 60'),(2040,'Alameda, Lili','portsmouth','new hampshire','East','mayorista','Más de 60'),(2041,'Fox, Dorothy','portsmouth','new hampshire','East','mayorista','40 a 60'),(2042,'Gallagher, Aldeen','manchester','new hampshire','East','mayorista','Más de 60'),(2043,'Myer, Dorothy','manchester','new hampshire','East','mayorista','Más de 60'),(2044,'Byrnes, David','portsmouth','new hampshire','East','mayorista','Más de 60'),(2045,'Ryan, Justine','manchester','new hampshire','East','mayorista','Más de 60'),(2046,'Chand, Forrest','portsmouth','new hampshire','East','mayorista','Más de 60'),(2047,'Vanderkamp, Margaret','portsmouth','new hampshire','East','mayorista','Más de 60'),(2048,'Carroll, Rosmarie','portsmouth','new hampshire','East','mayorista','Más de 60'),(2049,'Contreras, Dorothy','manchester','new hampshire','East','mayorista','Más de 60'),(2050,'Cantoni, Joseph','manchester','new hampshire','East','mayorista','Más de 60'),(2051,'Reed, Celine','manchester','new hampshire','East','mayorista','Más de 60'),(2052,'Peterson, Glin','new london','connecticut','East','mayorista','Más de 60'),(2053,'Osborn, Stephen','new canaan','connecticut','East','mayorista','Más de 60'),(2054,'Graham., Lowell','danbury','connecticut','East','mayorista','Más de 60'),(2055,'Shaddy, Jamie','new canaan','connecticut','East','mayorista','40 a 60'),(2056,'Haemon, Hattie','new london','connecticut','East','mayorista','Más de 60'),(2057,'Krow, Jame','danbury','connecticut','East','mayorista','Más de 60'),(2058,'Belli, Shane','new london','connecticut','East','mayorista','Más de 60'),(2059,'Porter, Ethel','new london','connecticut','East','mayorista','Más de 60'),(2060,'Lesko, Gloria','new london','connecticut','East','mayorista','Más de 60'),(2061,'Worland, Michael','new london','connecticut','East','mayorista','Más de 60'),(2062,'Torre, Alvin','danbury','connecticut','East','mayorista','Más de 60'),(2063,'Ramos, Susan','new canaan','connecticut','East','mayorista','Más de 60'),(2064,'Christie, Jill','new canaan','connecticut','East','mayorista','40 a 60'),(2065,'Zocchi, Juanita','new london','connecticut','East','mayorista','Más de 60'),(2066,'Altamirano, Sandra','danbury','connecticut','East','mayorista','Más de 60'),(2067,'Benson, Edna','new london','connecticut','East','mayorista','40 a 60'),(2068,'Deborde, Alexander','new canaan','connecticut','East','mayorista','Más de 60'),(2069,'Calone, Barbara','new london','connecticut','East','mayorista','Más de 60'),(2070,'Pompa, Cheryl','new canaan','connecticut','East','mayorista','Más de 60'),(2071,'Traube, Doris','tampa bay','florida','East','mayorista','Más de 60'),(2072,'Sloan, Cathy','miami','florida','East','mayorista','Más de 60'),(2073,'Villa, Homer','miami','florida','East','mayorista','Más de 60'),(2074,'Herman, Deena','tampa bay','florida','East','mayorista','Más de 60'),(2075,'Roberts, Leota','miami','florida','East','mayorista','Más de 60'),(2076,'Mc Clane, John','miami','florida','East','mayorista','Más de 60'),(2077,'Maxham, Jennifer','tampa bay','florida','East','mayorista','Más de 60'),(2078,'Sullivan, Elizabeth','tampa bay','florida','East','mayorista','Más de 60'),(2079,'Watada, Irene','miami','florida','East','mayorista','40 a 60'),(2080,'Rhiger, Constance','orlando','florida','East','mayorista','Más de 60'),(2081,'Finley, Rhoda','miami','florida','East','mayorista','Más de 60'),(2082,'Winter, Kathleen','miami','florida','East','mayorista','Más de 60'),(2083,'Adams, Carla','miami','florida','East','mayorista','Más de 60'),(2084,'Tench, Vanessa','tampa bay','florida','East','mayorista','Más de 60'),(2085,'Brink, Carol','miami','florida','East','mayorista','Más de 60'),(2086,'Reynolds, Adam','orlando','florida','East','mayorista','Más de 60'),(2087,'Posner, Constance','orlando','florida','East','mayorista','Más de 60'),(2088,'Hapke, William','miami','florida','East','mayorista','40 a 60'),(2089,'Huff, Joshua','miami','florida','East','mayorista','Más de 60'),(2090,'Brown, Carolee','tampa bay','florida','East','mayorista','40 a 60'),(2091,'Giglio, Frances','tampa bay','florida','East','mayorista','Más de 60'),(2092,'Sherwood, Irma','orlando','florida','East','mayorista','40 a 60'),(2093,'Becker, Benjamin','peoria','illinois','Central','mayorista','Más de 60'),(2094,'Tedford, Chad','peoria','illinois','Central','mayorista','Más de 60'),(2095,'Roy, Luke','peoria','illinois','Central','mayorista','40 a 60'),(2096,'Holloway, Jean','chicago','illinois',NULL,'mayorista','Más de 60'),(2097,'Trau, Olga','chicago','illinois',NULL,'mayorista','Más de 60'),(2098,'Carnes, Steve','chicago','illinois',NULL,'mayorista','Más de 60'),(2099,'Potts, Betty','peoria','illinois','Central','mayorista','Más de 60'),(2100,'Kozlowski, Edward','chicago','illinois',NULL,'mayorista','Más de 60'),(2101,'Looney, Sharon','peoria','illinois','Central','mayorista','Más de 60'),(2102,'Magenheimer, Patrick','chicago','illinois',NULL,'mayorista','40 a 60'),(2103,'Hofsetz, Sue','chicago','illinois',NULL,'mayorista','Más de 60'),(2104,'Gilliat, Janet','peoria','illinois','Central','mayorista','Más de 60'),(2105,'Wojcik, Charlene','chicago','illinois',NULL,'mayorista','Más de 60'),(2106,'Wolf, Eunice','peoria','illinois','Central','mayorista','40 a 60'),(2107,'Whitworth, Kelly','chicago','illinois',NULL,'mayorista','40 a 60'),(2108,'Thames, Judy','chicago','illinois',NULL,'mayorista','40 a 60'),(2109,'Rusek, Pearlie','chicago','illinois',NULL,'mayorista','Más de 60'),(2110,'Justice, Peggy','madison','wisconsin','Central','mayorista','Más de 60'),(2111,'Conner, William','appleton','wisconsin','Central','mayorista','Más de 60'),(2112,'Bauer, Ciro','madison','wisconsin','Central','mayorista','Más de 60'),(2113,'Collins, Takiko','madison','wisconsin','Central','mayorista','40 a 60'),(2114,'Smith, Leonard','appleton','wisconsin','Central','mayorista','Más de 60'),(2115,'Yasi, Lenore','appleton','wisconsin','Central','mayorista','Más de 60'),(2116,'Bowman, Lester','madison','wisconsin','Central','mayorista','Más de 60'),(2117,'Germanson, Barbara','madison','wisconsin','Central','mayorista','40 a 60'),(2118,'Smith, Mary','appleton','wisconsin','Central','mayorista','Más de 60'),(2119,'Serventi, Alice','milwaukee','wisconsin','Central','mayorista','Más de 60'),(2120,'Chapla, Lee','madison','wisconsin','Central','mayorista','Más de 60'),(2121,'Cameron, DeeDee','madison','wisconsin','Central','mayorista','40 a 60'),(2122,'Zgeirmann, Jo','appleton','wisconsin','Central','mayorista','Más de 60'),(2123,'Mondragon, William','milwaukee','wisconsin','Central','mayorista','Más de 60'),(2124,'Allison, Cecil','madison','wisconsin','Central','mayorista','Más de 60'),(2125,'Vargas, Nieves','cleveland','ohio','Central','mayorista','Más de 60'),(2126,'Vlass, Helen','toledo','ohio','Central','mayorista','Más de 60'),(2127,'Gonzalez, Abigail','akron','ohio','Central','mayorista','Más de 60'),(2128,'Ison, Denean','cleveland','ohio','Central','mayorista','40 a 60'),(2129,'Trent, Billy','columbus','ohio','Central','mayorista','Más de 60'),(2130,'Vaca, Mary','cleveland','ohio','Central','mayorista','40 a 60'),(2131,'Arbelaez, Kyley','toledo','ohio','Central','mayorista','Más de 60'),(2132,'Lee, Michael','cleveland','ohio','Central','mayorista','Desconocido'),(2133,'Maes, Walter','toledo','ohio','Central','mayorista','40 a 60'),(2134,'Antrim, Ramona','cleveland','ohio','Central','mayorista','Más de 60'),(2135,'Friedland, Liam','toledo','ohio','Central','mayorista','40 a 60'),(2136,'Strange, Charles','toledo','ohio','Central','mayorista','Más de 60'),(2137,'Richter, William','columbus','ohio','Central','mayorista','40 a 60'),(2138,'Amland, Maxwell','akron','ohio','Central','mayorista','Más de 60'),(2139,'Albury, Z . T. Milton','cleveland','ohio','Central','mayorista','Más de 60'),(2140,'Richmeier, Marie','st. loius','missouri','Central','mayorista','Más de 60'),(2141,'Jacobson, Jodan','kansas city','missouri','Central','mayorista','Más de 60'),(2142,'Bartness, David','kansas city','missouri','Central','mayorista','Más de 60'),(2143,'Cobb, Teanna','kansas city','missouri','Central','mayorista','Más de 60'),(2144,'Lique, M. E. Joseph','kansas city','missouri','Central','mayorista','Más de 60'),(2145,'Bernacchi, Robert','st. loius','missouri','Central','mayorista','Más de 60'),(2146,'Zubaty, Patricia','st. loius','missouri','Central','mayorista','Más de 60'),(2147,'Hunter, Matthew','st. loius','missouri','Central','mayorista','Más de 60'),(2148,'Vonholt, Florence','kansas city','missouri','Central','mayorista','Más de 60'),(2149,'Holmes, Eddie','kansas city','missouri','Central','mayorista','Más de 60'),(2150,'Drury, Gerald','st. loius','missouri','Central','mayorista','Más de 60'),(2151,'Watts, Kristin','kansas city','missouri','Central','mayorista','Más de 60'),(2152,'Short, Carlos','kansas city','missouri','Central','mayorista','Más de 60'),(2153,'Mc Guigan, Robin','des moines','iowa','Central','mayorista','Más de 60'),(2154,'Wollesen, Dorothy','des moines','iowa','Central','mayorista','40 a 60'),(2155,'Lee, Marjorie','des moines','iowa','Central','mayorista','Más de 60'),(2156,'Gimmi, Mary','dubuque','iowa','Central','mayorista','Más de 60'),(2157,'Pugh, Milton','des moines','iowa','Central','mayorista','Más de 60'),(2158,'Bennetts, John','dubuque','iowa','Central','mayorista','Desconocido'),(2159,'Woodard, Caroline','des moines','iowa','Central','mayorista','Más de 60'),(2160,'Manzanares, Tomas','dubuque','iowa','Central','mayorista','40 a 60'),(2161,'Stotler, Kayla','dubuque','iowa','Central','mayorista','Más de 60'),(2162,'Peoples, Elizabeth','dubuque','iowa','Central','mayorista','40 a 60'),(2163,'Choi, Mike','dubuque','iowa','Central','mayorista','40 a 60'),(2164,'Quintana, Mary Lou','des moines','iowa','Central','mayorista','Más de 60'),(2165,'Bright, Christopher','des moines','iowa','Central','mayorista','Más de 60'),(2166,'Rodgers, Scott','des moines','iowa','Central','mayorista','Más de 60'),(2167,'Gates, Janet','dubuque','iowa','Central','mayorista','Más de 60'),(2168,'Watkins, Darren','des moines','iowa','Central','mayorista','Más de 60'),(2169,'Christensen, Charles','dubuque','iowa','Central','mayorista','Más de 60'),(2170,'Banks, Darrell','des moines','iowa','Central','mayorista','Más de 60'),(2171,'Carlisle, Carlton','des moines','iowa','Central','mayorista','40 a 60'),(2172,'Tramel, Abe','dubuque','iowa','Central','mayorista','40 a 60'),(2173,'Curry, Jose','des moines','iowa','Central','mayorista','Más de 60'),(2174,'Haines, Betty','tulsa','oklahoma','South','mayorista','40 a 60'),(2175,'Campbell, Deborah','tulsa','oklahoma','South','mayorista','40 a 60'),(2176,'Whitney, Catherine','tulsa','oklahoma','South','mayorista','Más de 60'),(2177,'Mitchell, Neva','oklahoma city','oklahoma','South','mayorista','Más de 60'),(2178,'Dodd, Cindy','oklahoma city','oklahoma','South','mayorista','Más de 60'),(2179,'Cereghino, Stacey','oklahoma city','oklahoma','South','mayorista','Más de 60'),(2180,'Meyer, Helen','tulsa','oklahoma','South','mayorista','Más de 60'),(2181,'Stevens, Olga','tulsa','oklahoma','South','mayorista','40 a 60'),(2182,'Campbell, Joan','tulsa','oklahoma','South','mayorista','Más de 60'),(2183,'Walker, Silvia','oklahoma city','oklahoma','South','mayorista','Más de 60'),(2184,'Pasumansky, Mosha','tulsa','oklahoma','South','mayorista','Más de 60'),(2185,'Whitney, Shawn','oklahoma city','oklahoma','South','mayorista','Más de 60'),(2186,'Saunders, Lloyd','tulsa','oklahoma','South','mayorista','Más de 60'),(2187,'Vandenouer, Rose','tulsa','oklahoma','South','mayorista','Más de 60'),(2188,'Vincenzi, Eric','oklahoma city','oklahoma','South','mayorista','Más de 60'),(2189,'Herring, Cheryl','oklahoma city','oklahoma','South','mayorista','Más de 60'),(2190,'Garza, Kathleen','tulsa','oklahoma','South','mayorista','Más de 60'),(2191,'Westover, Gail','tulsa','oklahoma','South','mayorista','Más de 60'),(2192,'Hagemann, Matthew','shreveport','louisiana','South','mayorista','40 a 60'),(2193,'Vasquez, Patricia','shreveport','louisiana','South','mayorista','Más de 60'),(2194,'McCarthy, Lola','shreveport','louisiana','South','mayorista','40 a 60'),(2195,'Bacalzo, Phillip','new orleans','louisiana','South','mayorista','40 a 60'),(2196,'Berch, Marian','new orleans','louisiana','South','mayorista','40 a 60'),(2197,'Taylor, Mike','shreveport','louisiana','South','mayorista','40 a 60'),(2198,'Whipple, Vivian','new orleans','louisiana','South','mayorista','40 a 60'),(2199,'Laursen, Cecilia','new orleans','louisiana','South','mayorista','Más de 60'),(2200,'Olguin, Lee','new orleans','louisiana','South','mayorista','Más de 60'),(2201,'Ayers, Stephen','new orleans','louisiana','South','mayorista','Más de 60'),(2202,'Kotc, Pamala','new orleans','louisiana','South','mayorista','Más de 60'),(2203,'Coriell, Marlin','shreveport','louisiana','South','mayorista','Más de 60'),(2204,'Warthen, Clay','new orleans','louisiana','South','mayorista','Más de 60'),(2205,'Johnson, Greg','shreveport','louisiana','South','mayorista','40 a 60'),(2206,'Huckaby, George','sweetwater','texas','South','mayorista','Más de 60'),(2207,'Gustafson, Faith','dallas','texas','South','mayorista','40 a 60'),(2208,'Thompson, Donald','amarillo','texas','South','mayorista','40 a 60'),(2209,'Hendricks, Valentina','amarillo','texas','South','mayorista','40 a 60'),(2210,'Black, Mae','sweetwater','texas','South','mayorista','40 a 60'),(2211,'Vansant, Carlos','amarillo','texas','South','mayorista','Más de 60'),(2212,'Bentley, Richard','san antonio','texas','South','mayorista','Más de 60'),(2213,'Ritacco, Thomas','houston','texas','South','mayorista','40 a 60'),(2214,'Theisen, Karen','dallas','texas','South','mayorista','Más de 60'),(2215,'Berger, John','dallas','texas','South','mayorista','40 a 60'),(2216,'Koski, Joy','houston','texas','South','mayorista','40 a 60'),(2217,'Fitzgerald, Duane','houston','texas','South','mayorista','Más de 60'),(2218,'Camacho, Lindsey','albuquerque','new mexico','South','mayorista','Más de 60'),(2219,'Alvarado, Selena','albuquerque','new mexico','South','mayorista','40 a 60'),(2220,'Brummer, Dick','albuquerque','new mexico','South','mayorista','Más de 60'),(2221,'Pinkston, Pat','albuquerque','new mexico','South','mayorista','Más de 60'),(2222,'Spivey, Kristin','albuquerque','new mexico','South','mayorista','Más de 60'),(2223,'Whiting, Gregory','albuquerque','new mexico','South','mayorista','40 a 60'),(2224,'Espinoza, Martha','albuquerque','new mexico','South','mayorista','Más de 60'),(2225,'Robinett, David','albuquerque','new mexico','South','mayorista','Más de 60'),(2226,'Lundahl, Judy','albuquerque','new mexico','South','mayorista','Más de 60'),(2227,'Demicell, Shawn','albuquerque','new mexico','South','mayorista','Más de 60'),(2228,'Rousey, Linda','albuquerque','new mexico','South','mayorista','Más de 60'),(2229,'Marcovecchio, Kathy','albuquerque','new mexico','South','mayorista','Más de 60'),(2230,'Evans, Twanna','albuquerque','new mexico','South','mayorista','Más de 60'),(2231,'Storjohann, Judy','albuquerque','new mexico','South','mayorista','Más de 60'),(2232,'Maccietto, Denise','grand junction','colorado','Central','mayorista','Más de 60'),(2233,'Buskirk, Deanna','grand junction','colorado','Central','mayorista','Más de 60'),(2234,'Kesslep, Mary','grand junction','colorado','Central','mayorista','Más de 60'),(2235,'Schultz, Barbara','aspen','colorado','Central','mayorista','Más de 60'),(2236,'Bergin, Kris','grand junction','colorado','Central','mayorista','Más de 60'),(2237,'Steel, Merrill','denver','colorado','Central','mayorista','Más de 60'),(2238,'Marple, Melissa','aspen','colorado','Central','mayorista','40 a 60'),(2239,'Evans, Ann','denver','colorado','Central','mayorista','40 a 60'),(2240,'Bruner, Shirley','denver','colorado','Central','mayorista','40 a 60'),(2241,'Troyer, Michael John','grand junction','colorado','Central','mayorista','Más de 60'),(2242,'Sandidge, Mary','grand junction','colorado','Central','mayorista','Más de 60'),(2243,'Skonnard, Monk','grand junction','colorado','Central','mayorista','Más de 60'),(2244,'Beck, Christopher','salt lake city','utah','West','mayorista','Más de 60'),(2245,'Abel, Catherine','provo','utah','West','mayorista','Más de 60'),(2246,'Miller, Emilo','salt lake city','utah','West','mayorista','Más de 60'),(2247,'Walker, Hazel','salt lake city','utah','West','mayorista','40 a 60'),(2248,'Brooks, John','salt lake city','utah','West','mayorista','40 a 60'),(2249,'Logan, Todd','provo','utah','West','mayorista','Más de 60'),(2250,'Several, Joshua','salt lake city','utah','West','mayorista','Más de 60'),(2251,'Thomas, James','salt lake city','utah','West','mayorista','Más de 60'),(2252,'Vessa, Robert','provo','utah','West','mayorista','Más de 60'),(2253,'Tran, James','provo','utah','West','mayorista','Más de 60'),(2254,'Crow, Shelley','provo','utah','West','mayorista','Más de 60'),(2255,'Sims, Anne','salt lake city','utah','West','mayorista','Más de 60'),(2256,'Tatman, Clarence','salt lake city','utah','West','mayorista','Más de 60'),(2257,'Nelsen, Jan','salt lake city','utah','West','mayorista','Más de 60'),(2258,'Cole, Jeanette','provo','utah','West','mayorista','Más de 60'),(2259,'Huntsman, Phyllis','salt lake city','utah','West','mayorista','Más de 60'),(2260,'Arakawa, Hannah','salt lake city','utah','West','mayorista','40 a 60'),(2261,'Steuber, Wathalee','salt lake city','utah','West','mayorista','Más de 60'),(2262,'Cox, Pamela','carson city','nevada','West','mayorista','Más de 60'),(2263,'Jacobs, Bronson','reno','nevada','West','mayorista','Más de 60'),(2264,'Barley, Rebecca','carson city','nevada','West','mayorista','Más de 60'),(2265,'Alvaro, Emilio','reno','nevada','West','mayorista','Más de 60'),(2266,'Waters, Becky','reno','nevada','West','mayorista','Más de 60'),(2267,'Jarvis, A. Joyce','carson city','nevada','West','mayorista','Más de 60'),(2268,'Styles, Ruby Sue','carson city','nevada','West','mayorista','Más de 60'),(2269,'Glenn, Jeanie','reno','nevada','West','mayorista','40 a 60'),(2270,'Smith, Peggy','las vegas','nevada','West','mayorista','Más de 60'),(2271,'Duff, Tish','las vegas','nevada','West','mayorista','Más de 60'),(2272,'Lucero, Anita','reno','nevada','West','mayorista','Más de 60'),(2273,'Burton, Stephen','las vegas','nevada','West','mayorista','Más de 60'),(2274,'Consentino, Amy','carson city','nevada','West','mayorista','Más de 60'),(2275,'Lutes, Helen','las vegas','nevada','West','mayorista','Más de 60'),(2276,'Ecoffey, Linda','carson city','nevada','West','mayorista','Más de 60'),(2277,'Swint, Katherine','carson city','nevada','West','mayorista','Más de 60'),(2278,'Slattengren, Dianne','las vegas','nevada','West','mayorista','Más de 60'),(2279,'Heymsfield, Ronald','carson city','nevada','West','mayorista','40 a 60'),(2280,'Whitehead, Steven','reno','nevada','West','mayorista','Más de 60'),(2281,'Roy, Lisa','las vegas','nevada','West','mayorista','40 a 60'),(2282,'Burkhardt, Ingrid','carson city','nevada','West','mayorista','Más de 60'),(2283,'Whitney, Todd','bend','oregon','West','mayorista','Más de 60'),(2284,'Wisnewski, Barbara','bend','oregon','West','mayorista','40 a 60'),(2285,'Burkhardt, Karren','bend','oregon','West','mayorista','40 a 60'),(2286,'Mcanich, Stacie','bend','oregon','West','mayorista','40 a 60'),(2287,'Browning, Mary','portland','oregon','West','mayorista','Más de 60'),(2288,'Wellington, Alexandra','portland','oregon','West','mayorista','Más de 60'),(2289,'Bacugalupi, Cory','portland','oregon','West','mayorista','Más de 60'),(2290,'Rizzi, Stacy','bend','oregon','West','mayorista','Más de 60'),(2291,'Sotelo, William','portland','oregon','West','mayorista','40 a 60'),(2292,'Stanley, Beth','bend','oregon','West','mayorista','Más de 60'),(2293,'Markwood, Jill','portland','oregon','West','mayorista','Más de 60'),(2294,'Valentine, Mildred','portland','oregon','West','mayorista','Más de 60'),(2295,'Reams, Suzann','portland','oregon','West','mayorista','Más de 60'),(2296,'Long, John','portland','oregon','West','mayorista','40 a 60'),(2297,'Olenzek, Edwin','portland','oregon','West','mayorista','Más de 60'),(2298,'Valerio, Jessie','santa clara','california','West','mayorista','Más de 60'),(2299,'Ahlering, Robert','los angeles','california','West','mayorista','Más de 60'),(2300,'Burke, Megan','santa clara','california','West','mayorista','40 a 60'),(2301,'Bates, Karel','fresno','california','West','mayorista','Más de 60'),(2302,'White, Mike','san francisco','california','West','mayorista','40 a 60'),(2303,'Simpson, Marty','los angeles','california','West','mayorista','Más de 60'),(2304,'Jones, Robert','santa clara','california','West','mayorista','Más de 60'),(2305,'Casts, Raul','san francisco','california','West','mayorista','40 a 60'),(2306,'Browqett, Bridget','fresno','california','West','mayorista','Más de 60'),(2307,'Kartz, Kay','eureka','california','West','mayorista','Más de 60'),(2308,'Wold, Audrey','eureka','california','West','mayorista','Más de 60'),(2309,'French, Susan','santa clara','california','West','mayorista','40 a 60'),(2310,'Pederson, Trish','fresno','california','West','mayorista','Más de 60'),(2311,'Renn, Eric','bakersfield','california','West','mayorista','Más de 60'),(2312,'Catalano, Elizabeth','san diego','california','West','mayorista','Más de 60'),(2313,'Coleman, Eric','sacramento','california','West','mayorista','Más de 60'),(2314,'Hurkett, Lawrence','redmond','washington','West','mayorista','40 a 60'),(2315,'Pettengill, Sara','seattle','washington','West','mayorista','40 a 60'),(2316,'Elson, Jauna','spokane','washington','West','mayorista','Más de 60'),(2317,'Hirota, Nancy','seattle','washington','West','mayorista','40 a 60'),(2318,'Blasingame, Linda','seattle','washington','West','mayorista','Más de 60'),(2319,'Blackwell, Jackie','spokane','washington','West','mayorista','Más de 60'),(2320,'Moya, Marie','spokane','washington','West','mayorista','Más de 60'),(2321,'Chesnut, Nicky','spokane','washington','West','mayorista','Más de 60'),(2322,'Ortiz, John','redmond','washington','West','mayorista','40 a 60'),(2323,'Tearpak, Stacey','seattle','washington','West','mayorista','Más de 60'),(2324,'Hall, Karen','spokane','washington','West','mayorista','Más de 60'),(2325,'Narberes, Greg','spokane','washington','West','mayorista','Más de 60'),(2326,'Weber, Fannye','redmond','washington','West','mayorista','Más de 60'),(2327,'Kabbes, Diane','seattle','washington','West','mayorista','Más de 60');
/*!40000 ALTER TABLE `dimension_clientes` ENABLE KEYS */;
UNLOCK TABLES;

--
-- Table structure for table `dimension_productos`
--

DROP TABLE IF EXISTS `dimension_productos`;
/*!40101 SET @saved_cs_client     = @@character_set_client */;
/*!50503 SET character_set_client = utf8mb4 */;
CREATE TABLE `dimension_productos` (
  `product_id` int NOT NULL,
  `detalle` varchar(255) DEFAULT NULL,
  `tipoEnvase` varchar(50) DEFAULT NULL,
  `litros` float DEFAULT NULL,
  `tipoBebida` varchar(50) DEFAULT NULL,
  PRIMARY KEY (`product_id`)
) ENGINE=InnoDB DEFAULT CHARSET=utf8mb4 COLLATE=utf8mb4_0900_ai_ci;
/*!40101 SET character_set_client = @saved_cs_client */;

--
-- Dumping data for table `dimension_productos`
--

LOCK TABLES `dimension_productos` WRITE;
/*!40000 ALTER TABLE `dimension_productos` DISABLE KEYS */;
INSERT INTO `dimension_productos` VALUES (1,'Kool Cola','Bottle',1,'Bebida Kool'),(2,'Kool Cola','Bottle',2,'Bebida Kool'),(3,'Kool Cola','Can',0.5,'Bebida Kool'),(4,'Diet Cola','Bottle',1,'Bebida de dieta'),(5,'Diet Cola','Bottle',2,'Bebida de dieta'),(6,'Diet Cola','Can',0.5,'Bebida de dieta'),(7,'Caffeine Free Cola','Bottle',1,'Bebida de cafeína'),(8,'Caffeine Free Cola','Bottle',2,'Bebida de cafeína'),(9,'Caffeine Free Cola','Can',0.5,'Bebida de cafeína'),(10,'Old Fashioned Root Beer','Bottle',1,'Bebida Root'),(11,'Old Fashioned Root Beer','Bottle',2,'Bebida Root'),(12,'Old Fashioned Root Beer','Can',0.5,'Bebida Root'),(13,'Diet Root Beer','Bottle',1,'Bebida de dieta'),(14,'Diet Root Beer','Bottle',2,'Bebida de dieta'),(15,'Diet Root Beer','Can',0.5,'Bebida de dieta'),(16,'Energy drink','Bottle',1,'Bebida energética'),(17,'Energy drink','Bottle',2,'Bebida energética'),(18,'Energy drink','Can',0.5,'Bebida energética'),(19,'Birch Beer','Bottle',1,'Otro tipo de bebida'),(20,'Birch Beer','Bottle',2,'Otro tipo de bebida'),(21,'Birch Beer','Can',0.5,'Otro tipo de bebida'),(22,'Dark Cream Soda','Bottle',1,'Bebida de soda'),(23,'Dark Cream Soda','Bottle',2,'Bebida de soda'),(24,'Dark Cream Soda','Can',0.5,'Bebida de soda'),(25,'Vanilla Cream Soda','Bottle',1,'Bebida de soda'),(26,'Vanilla Cream Soda','Bottle',2,'Bebida de soda'),(27,'Vanilla Cream Soda','Bottle',0.67,'Bebida de soda'),(28,'Vanilla Cream Soda','Can',0.5,'Bebida de soda'),(29,'Diet Cream Soda','Bottle',1,'Bebida de dieta'),(30,'Diet Cream Soda','Bottle',2,'Bebida de dieta'),(31,'Diet Cream Soda','Can',0.5,'Bebida de dieta'),(32,'Grapefruit juice','Bottle',1,'Jugo'),(33,'Grapefruit juice','Bottle',2,'Jugo'),(34,'Grapefruit juice','Can',0.5,'Jugo'),(35,'Orange juice','Bottle',1,'Jugo'),(36,'Orange juice','Bottle',2,'Jugo'),(37,'Orange juice','Can',0.5,'Jugo'),(38,'Diet energy drink','Bottle',1,'Bebida de dieta'),(39,'Diet energy drink','Bottle',2,'Bebida de dieta'),(40,'Diet energy drink','Can',0.5,'Bebida de dieta'),(41,'Trappiste Beer','Can',0.33,'Otro tipo de bebida'),(42,'Orval Beer','Can',0.33,'Otro tipo de bebida');
/*!40000 ALTER TABLE `dimension_productos` ENABLE KEYS */;
UNLOCK TABLES;

--
-- Table structure for table `dimension_tiempo`
--

DROP TABLE IF EXISTS `dimension_tiempo`;
/*!40101 SET @saved_cs_client     = @@character_set_client */;
/*!50503 SET character_set_client = utf8mb4 */;
CREATE TABLE `dimension_tiempo` (
  `id_tiempo` int NOT NULL,
  `fecha` date DEFAULT NULL,
  `dia` int DEFAULT NULL,
  `mes` int DEFAULT NULL,
  `trimestre` int DEFAULT NULL,
  `año` int DEFAULT NULL,
  PRIMARY KEY (`id_tiempo`)
) ENGINE=InnoDB DEFAULT CHARSET=utf8mb4 COLLATE=utf8mb4_0900_ai_ci;
/*!40101 SET character_set_client = @saved_cs_client */;

--
-- Dumping data for table `dimension_tiempo`
--

LOCK TABLES `dimension_tiempo` WRITE;
/*!40000 ALTER TABLE `dimension_tiempo` DISABLE KEYS */;
INSERT INTO `dimension_tiempo` VALUES (1,'2009-01-01',1,1,1,2009),(2,'2009-01-02',2,1,1,2009),(3,'2009-01-03',3,1,1,2009),(4,'2009-01-04',4,1,1,2009),(5,'2009-01-05',5,1,1,2009),(6,'2009-01-06',6,1,1,2009),(7,'2009-01-07',7,1,1,2009),(8,'2009-01-08',8,1,1,2009),(9,'2009-01-09',9,1,1,2009),(10,'2009-01-10',10,1,1,2009),(11,'2009-01-11',11,1,1,2009),(12,'2009-01-12',12,1,1,2009),(13,'2009-01-13',13,1,1,2009),(14,'2009-01-14',14,1,1,2009),(15,'2009-01-15',15,1,1,2009),(16,'2009-01-16',16,1,1,2009),(17,'2009-01-17',17,1,1,2009),(18,'2009-01-18',18,1,1,2009),(19,'2009-01-19',19,1,1,2009),(20,'2009-01-20',20,1,1,2009),(21,'2009-01-21',21,1,1,2009),(22,'2009-01-22',22,1,1,2009),(23,'2009-01-23',23,1,1,2009),(24,'2009-01-24',24,1,1,2009),(25,'2009-01-25',25,1,1,2009),(26,'2009-01-26',26,1,1,2009),(27,'2009-01-27',27,1,1,2009),(28,'2009-01-28',28,1,1,2009),(29,'2009-01-29',29,1,1,2009),(30,'2009-01-30',30,1,1,2009),(31,'2009-01-31',31,1,1,2009),(32,'2009-02-01',1,2,1,2009),(33,'2009-02-02',2,2,1,2009),(34,'2009-02-03',3,2,1,2009),(35,'2009-02-04',4,2,1,2009),(36,'2009-02-05',5,2,1,2009),(37,'2009-02-06',6,2,1,2009),(38,'2009-02-07',7,2,1,2009),(39,'2009-02-08',8,2,1,2009),(40,'2009-02-09',9,2,1,2009),(41,'2009-02-10',10,2,1,2009),(42,'2009-02-11',11,2,1,2009),(43,'2009-02-12',12,2,1,2009),(44,'2009-02-13',13,2,1,2009),(45,'2009-02-14',14,2,1,2009),(46,'2009-02-15',15,2,1,2009),(47,'2009-02-16',16,2,1,2009),(48,'2009-02-17',17,2,1,2009),(49,'2009-02-18',18,2,1,2009),(50,'2009-02-19',19,2,1,2009),(51,'2009-02-20',20,2,1,2009),(52,'2009-02-21',21,2,1,2009),(53,'2009-02-22',22,2,1,2009),(54,'2009-02-23',23,2,1,2009),(55,'2009-02-24',24,2,1,2009),(56,'2009-02-25',25,2,1,2009),(57,'2009-02-26',26,2,1,2009),(58,'2009-02-27',27,2,1,2009),(59,'2009-02-28',28,2,1,2009),(60,'2009-04-01',1,4,2,2009),(61,'2009-04-02',2,4,2,2009),(62,'2009-04-03',3,4,2,2009),(63,'2009-04-04',4,4,2,2009),(64,'2009-04-05',5,4,2,2009),(65,'2009-04-06',6,4,2,2009),(66,'2009-04-07',7,4,2,2009),(67,'2009-04-08',8,4,2,2009),(68,'2009-04-09',9,4,2,2009),(69,'2009-04-10',10,4,2,2009),(70,'2009-04-11',11,4,2,2009),(71,'2009-04-12',12,4,2,2009),(72,'2009-04-13',13,4,2,2009),(73,'2009-04-14',14,4,2,2009),(74,'2009-04-15',15,4,2,2009),(75,'2009-04-16',16,4,2,2009),(76,'2009-04-17',17,4,2,2009),(77,'2009-04-18',18,4,2,2009),(78,'2009-04-19',19,4,2,2009),(79,'2009-04-20',20,4,2,2009),(80,'2009-04-21',21,4,2,2009),(81,'2009-04-22',22,4,2,2009),(82,'2009-04-23',23,4,2,2009),(83,'2009-04-24',24,4,2,2009),(84,'2009-04-25',25,4,2,2009),(85,'2009-04-26',26,4,2,2009),(86,'2009-04-27',27,4,2,2009),(87,'2009-04-28',28,4,2,2009),(88,'2009-04-29',29,4,2,2009),(89,'2009-04-30',30,4,2,2009),(90,'2009-05-01',1,5,2,2009),(91,'2009-05-02',2,5,2,2009),(92,'2009-05-03',3,5,2,2009),(93,'2009-05-04',4,5,2,2009),(94,'2009-05-05',5,5,2,2009),(95,'2009-05-06',6,5,2,2009),(96,'2009-05-07',7,5,2,2009),(97,'2009-05-08',8,5,2,2009),(98,'2009-05-09',9,5,2,2009),(99,'2009-05-10',10,5,2,2009),(100,'2009-05-11',11,5,2,2009),(101,'2009-05-12',12,5,2,2009),(102,'2009-05-13',13,5,2,2009),(103,'2009-05-14',14,5,2,2009),(104,'2009-05-15',15,5,2,2009),(105,'2009-05-16',16,5,2,2009),(106,'2009-05-17',17,5,2,2009),(107,'2009-05-18',18,5,2,2009),(108,'2009-05-19',19,5,2,2009),(109,'2009-05-20',20,5,2,2009),(110,'2009-05-21',21,5,2,2009),(111,'2009-05-22',22,5,2,2009),(112,'2009-05-23',23,5,2,2009),(113,'2009-05-24',24,5,2,2009),(114,'2009-05-25',25,5,2,2009),(115,'2009-05-26',26,5,2,2009),(116,'2009-05-27',27,5,2,2009),(117,'2009-05-28',28,5,2,2009),(118,'2009-05-29',29,5,2,2009),(119,'2009-05-30',30,5,2,2009),(120,'2009-03-01',1,3,1,2009),(121,'2009-03-02',2,3,1,2009),(122,'2009-03-03',3,3,1,2009),(123,'2009-03-04',4,3,1,2009),(124,'2009-03-05',5,3,1,2009),(125,'2009-03-06',6,3,1,2009),(126,'2009-03-07',7,3,1,2009),(127,'2009-03-08',8,3,1,2009),(128,'2009-03-09',9,3,1,2009),(129,'2009-03-10',10,3,1,2009),(130,'2009-03-11',11,3,1,2009),(131,'2009-03-12',12,3,1,2009),(132,'2009-03-13',13,3,1,2009),(133,'2009-03-14',14,3,1,2009),(134,'2009-03-15',15,3,1,2009),(135,'2009-03-16',16,3,1,2009),(136,'2009-03-17',17,3,1,2009),(137,'2009-03-18',18,3,1,2009),(138,'2009-03-19',19,3,1,2009),(139,'2009-03-20',20,3,1,2009),(140,'2009-03-21',21,3,1,2009),(141,'2009-03-22',22,3,1,2009),(142,'2009-03-23',23,3,1,2009),(143,'2009-03-24',24,3,1,2009),(144,'2009-03-25',25,3,1,2009),(145,'2009-03-26',26,3,1,2009),(146,'2009-03-27',27,3,1,2009),(147,'2009-03-28',28,3,1,2009),(148,'2009-03-29',29,3,1,2009),(149,'2009-03-30',30,3,1,2009),(150,'2009-06-01',1,6,2,2009),(151,'2009-06-02',2,6,2,2009),(152,'2009-06-03',3,6,2,2009),(153,'2009-06-04',4,6,2,2009),(154,'2009-06-05',5,6,2,2009),(155,'2009-06-06',6,6,2,2009),(156,'2009-06-07',7,6,2,2009),(157,'2009-06-08',8,6,2,2009),(158,'2009-06-09',9,6,2,2009),(159,'2009-06-10',10,6,2,2009),(160,'2009-06-11',11,6,2,2009),(161,'2009-06-12',12,6,2,2009),(162,'2009-06-13',13,6,2,2009),(163,'2009-06-14',14,6,2,2009),(164,'2009-06-15',15,6,2,2009),(165,'2009-06-16',16,6,2,2009),(166,'2009-06-17',17,6,2,2009),(167,'2009-06-18',18,6,2,2009),(168,'2009-06-19',19,6,2,2009),(169,'2009-06-20',20,6,2,2009),(170,'2009-06-21',21,6,2,2009),(171,'2009-06-22',22,6,2,2009),(172,'2009-06-23',23,6,2,2009),(173,'2009-06-24',24,6,2,2009),(174,'2009-06-25',25,6,2,2009),(175,'2009-06-26',26,6,2,2009),(176,'2009-06-27',27,6,2,2009),(177,'2009-06-28',28,6,2,2009),(178,'2009-06-29',29,6,2,2009),(179,'2009-06-30',30,6,2,2009),(180,'2009-07-10',10,7,3,2009),(181,'2009-07-11',11,7,3,2009),(182,'2009-07-12',12,7,3,2009),(183,'2009-08-01',1,8,3,2009),(184,'2009-08-02',2,8,3,2009),(185,'2009-08-03',3,8,3,2009),(186,'2009-08-04',4,8,3,2009),(187,'2009-08-05',5,8,3,2009),(188,'2009-08-06',6,8,3,2009),(189,'2009-08-07',7,8,3,2009),(190,'2009-08-08',8,8,3,2009),(191,'2009-08-09',9,8,3,2009),(192,'2009-08-10',10,8,3,2009),(193,'2009-08-11',11,8,3,2009),(194,'2009-08-12',12,8,3,2009),(195,'2009-08-13',13,8,3,2009),(196,'2009-08-14',14,8,3,2009),(197,'2009-08-15',15,8,3,2009),(198,'2009-08-16',16,8,3,2009),(199,'2009-08-17',17,8,3,2009),(200,'2009-08-18',18,8,3,2009),(201,'2009-08-19',19,8,3,2009),(202,'2009-08-20',20,8,3,2009),(203,'2009-08-21',21,8,3,2009);
/*!40000 ALTER TABLE `dimension_tiempo` ENABLE KEYS */;
UNLOCK TABLES;

--
-- Table structure for table `dimension_vendedores`
--

DROP TABLE IF EXISTS `dimension_vendedores`;
/*!40101 SET @saved_cs_client     = @@character_set_client */;
/*!50503 SET character_set_client = utf8mb4 */;
CREATE TABLE `dimension_vendedores` (
  `id_vendedor` int NOT NULL,
  `nombre` varchar(255) DEFAULT NULL,
  `sexo` varchar(50) DEFAULT NULL,
  `antiguedad` int DEFAULT NULL,
  `fecha_nacimiento` date DEFAULT NULL,
  `zona` varchar(55) DEFAULT NULL,
  PRIMARY KEY (`id_vendedor`)
) ENGINE=InnoDB DEFAULT CHARSET=utf8mb4 COLLATE=utf8mb4_0900_ai_ci;
/*!40101 SET character_set_client = @saved_cs_client */;

--
-- Dumping data for table `dimension_vendedores`
--

LOCK TABLES `dimension_vendedores` WRITE;
/*!40000 ALTER TABLE `dimension_vendedores` DISABLE KEYS */;
INSERT INTO `dimension_vendedores` VALUES (1,'Nowmer, Sheri','Femenino',23,'1955-12-21','Antiguo'),(2,'Whelply, Derrick','Masculino',22,'1975-05-30','Antiguo'),(3,'Spence, Michael','Masculino',22,'1970-02-12','Antiguo'),(4,'Gutierrez, Maya','Femenino',22,'1973-08-04','Antiguo'),(5,'Damstra, Roberta','Femenino',22,'1966-02-04','Antiguo'),(6,'Kanagaki, Rebecca','Femenino',20,'1969-09-20','Antiguo'),(7,'Brunner, Kim','Femenino',22,'1968-02-14','Antiguo'),(8,'Blumberg, Brenda','Femenino',22,'1979-11-10','Antiguo'),(9,'Stanz, Darren','Masculino',20,'1950-07-12','Antiguo'),(10,'Murraiin, Jonathan','Masculino',22,'1955-05-13','Antiguo'),(11,'Creek, Jewel','Femenino',22,'1977-01-25','Antiguo'),(12,'Medina, Peggy','Femenino',21,'1965-06-16','Antiguo'),(13,'Rutledge, Bryan','Masculino',22,'1961-01-24','Antiguo'),(14,'Cavestany, Walter','Masculino',21,'1970-03-23','Antiguo'),(15,'Planck, Peggy','Femenino',22,'1967-12-15','Antiguo'),(16,'Marshall, Brenda','Femenino',22,'1966-02-03','Antiguo'),(17,'Wolter, Daniel','Masculino',22,'1953-03-11','Antiguo'),(18,'Collins, Dianne','Femenino',21,'1964-10-04','Antiguo'),(19,'Baker, Beverly','Femenino',22,'1970-10-16','Antiguo'),(20,'Castillo, Pedro','Masculino',23,'1962-11-18','Antiguo'),(21,'Borges, Laurie','Femenino',22,'1968-07-22','Antiguo'),(22,'Wyro, Shauna','Femenino',22,'1957-02-22','Antiguo'),(23,'Wyllie, Jacqueline','Femenino',20,'1954-07-23','Antiguo'),(24,'Conley, Lin','Femenino',23,'1971-05-07','Antiguo'),(25,'Bernard, Jose','Masculino',22,'1959-02-28','Antiguo'),(26,'Macaluso, Charles','Masculino',22,'1965-12-12','Antiguo'),(27,'Wood, Lois','Femenino',21,'1959-07-27','Antiguo'),(28,'Armstrong, Kevin','Masculino',21,'1967-05-13','Antiguo'),(29,'Goldey, Cody','Masculino',19,'1953-11-03','Antiguo'),(30,'Nickell, Paula','Femenino',23,'1974-09-10','Antiguo'),(31,'Long, Eric','Masculino',22,'1967-03-02','Antiguo'),(32,'Solimena, Mary','Femenino',22,'1966-06-17','Antiguo'),(33,'Muenich, Nathan','Masculino',23,'1965-10-23','Antiguo'),(34,'Young, Ed','Masculino',23,'1962-10-25','Antiguo'),(35,'Arnold, Donna','Femenino',23,'1974-08-13','Antiguo'),(36,'Cooper, Jennifer','Femenino',22,'1966-08-21','Antiguo'),(37,'Petty, Peggy','Femenino',22,'1967-06-24','Antiguo'),(38,'Olguin, Jessica','Femenino',21,'1966-12-15','Antiguo'),(39,'Burchett, Phyllis','Femenino',22,'1960-09-09','Antiguo'),(40,'Bechard, Howard','Masculino',23,'1956-09-30','Antiguo'),(41,'Carter, Doris','Femenino',20,'1962-01-30','Antiguo'),(42,'Sharp, Juanita','Femenino',23,'1956-07-04','Antiguo'),(43,'Brunner, Sandra','Femenino',22,'1957-11-05','Antiguo'),(44,'Staton, Ernest','Masculino',21,'1967-01-31','Antiguo'),(45,'Sims, Rose','Femenino',22,'1956-12-10','Antiguo'),(46,'De Carlo, Lauretta','Femenino',23,'1960-06-23','Antiguo'),(47,'Williams, Mary','Femenino',21,'1965-01-07','Antiguo'),(48,'Burke, Terri','Femenino',22,'1975-10-30','Antiguo'),(49,'Osborn, Audrey','Femenino',23,'1960-06-01','Antiguo'),(50,'Binai, Brian','Masculino',20,'1965-08-24','Antiguo'),(51,'Lozada, Concepcion','Femenino',23,'1948-05-30','Antiguo'),(52,'Tays, Paul','Masculino',22,'1967-06-04','Antiguo'),(53,'Thorton, Cheryl','Femenino',21,'1973-01-10','Antiguo'),(54,'Dumin, Gary','Masculino',23,'1971-05-05','Antiguo'),(55,'Chin, Pat','Femenino',21,'1962-01-05','Antiguo'),(56,'Lovell, Zach','Masculino',21,'1955-07-08','Antiguo'),(57,'Ratcliff, Dave','Masculino',20,'1963-11-12','Antiguo'),(58,'Moss, Elizabeth','Femenino',22,'1978-09-29','Antiguo'),(59,'Anderson, Lori','Femenino',22,'1980-12-10','Antiguo'),(60,'Everson, Michael','Masculino',22,'1956-06-26','Antiguo'),(61,'Borden, Mary','Femenino',23,'1958-11-27','Antiguo'),(62,'Willson, Sue','Femenino',20,'1974-05-01','Antiguo'),(63,'Harris, Clayton','Masculino',23,'1980-07-20','Antiguo'),(64,'Contreras, Whitney','Femenino',20,'1954-05-27','Antiguo'),(65,'Pusedu, Boyd','Masculino',20,'1963-12-04','Antiguo'),(66,'Stedman, Cian','Femenino',22,'1960-02-17','Antiguo'),(67,'Zocchi, Michele','Femenino',22,'1970-01-05','Antiguo'),(68,'Walsh, Jean','Femenino',21,'1973-06-26','Antiguo'),(69,'Renfro, Leopoldo','Masculino',22,'1970-05-23','Antiguo'),(70,'Brockett, Donna','Femenino',22,'1965-09-30','Antiguo'),(71,'Anderson, Laurie','Femenino',20,'1948-01-19','Antiguo'),(72,'Gomez, Louis','Masculino',22,'1959-12-16','Antiguo'),(73,'Walker, Julie','Femenino',23,'1975-11-30','Antiguo'),(74,'Jones, Jay','Masculino',20,'1965-07-09','Antiguo'),(75,'Winfrey, Gayle','Femenino',22,'1972-03-03','Antiguo'),(76,'Brown, Yasmina','Femenino',20,'1962-10-20','Antiguo'),(77,'Touchstone, Joseph','Masculino',22,'1963-09-30','Antiguo'),(78,'Bakhtyari, Mary','Femenino',19,'1969-06-15','Antiguo'),(79,'Glass, Melvin','Masculino',22,'1960-12-20','Antiguo'),(80,'Cohen, Kristin','Femenino',22,'1955-12-21','Antiguo'),(81,'Kharman, Susan','Femenino',23,'1962-10-22','Antiguo'),(82,'Kirschner, Gordon','Masculino',22,'1964-11-06','Antiguo'),(83,'Burger, William','Masculino',22,'1971-06-12','Antiguo'),(84,'Blau, Lana','Femenino',22,'1979-10-30','Antiguo'),(85,'Derby, Donna','Femenino',22,'1974-04-30','Antiguo'),(86,'Thomson, Kathleen','Femenino',22,'1966-03-07','Antiguo'),(87,'Walton, Gabriel','Femenino',20,'1950-01-27','Antiguo'),(88,'Meastas, Bishop','Masculino',22,'1971-02-28','Antiguo'),(89,'Kouba, Geneva','Femenino',23,'1958-03-24','Antiguo'),(90,'Clark, Tricia','Femenino',21,'1952-08-30','Antiguo'),(91,'Munn, Debi','Femenino',22,'1959-11-10','Antiguo'),(92,'Goldberg, Patricia','Femenino',23,'1976-06-23','Antiguo'),(93,'Magenheim, Susan','Femenino',22,'1972-10-07','Antiguo'),(94,'Hance, Nancy','Femenino',22,'1963-05-23','Antiguo'),(95,'Mehlert, Rhonda','Femenino',22,'1959-03-02','Antiguo'),(96,'Duran, Paula','Femenino',20,'1957-06-06','Antiguo'),(97,'Earley, Margaret','Femenino',21,'1974-07-27','Antiguo'),(98,'Horne, Elizabeth','Femenino',22,'1963-06-23','Antiguo'),(99,'Hunt, Mary','Femenino',22,'1960-01-11','Antiguo'),(100,'Allen, Libby','Femenino',23,'1947-05-14','Antiguo'),(101,'Bruno, Bonnie','Femenino',21,'1964-01-12','Antiguo'),(102,'Bowers, Angela','Femenino',22,'1973-03-14','Antiguo'),(103,'Gonzales, Donald','Masculino',22,'1962-10-20','Antiguo'),(104,'Valdez, Sylvester','Masculino',22,'1974-05-07','Antiguo'),(105,'Stewart, John','Masculino',22,'1970-03-26','Antiguo'),(106,'Velasquez, Barney','Masculino',22,'1979-10-21','Antiguo'),(107,'Dubois, Kenneth','Masculino',22,'1944-11-11','Antiguo'),(108,'Maestas, Kate','Femenino',20,'1973-01-09','Antiguo'),(109,'Underwood, Josie','Femenino',20,'1962-08-07','Antiguo'),(110,'Strain, Ramon','Masculino',21,'1972-12-07','Antiguo'),(111,'Azari, Pat','Femenino',22,'1961-12-01','Antiguo'),(112,'Dabit, Bob','Masculino',22,'1973-07-29','Antiguo'),(113,'Carmona, Marty','Masculino',21,'1957-10-06','Antiguo'),(114,'Saxton, Gina','Femenino',20,'1969-07-01','Antiguo'),(115,'McLaughlin, Juan','Masculino',22,'1974-04-07','Antiguo'),(116,'Eyster, Carol','Femenino',21,'1972-08-21','Antiguo'),(117,'Henry, Nancy','Femenino',20,'1967-04-01','Antiguo'),(118,'Barros, Chris','Femenino',22,'1975-12-27','Antiguo'),(119,'Groome, Christopher','Masculino',20,'1969-01-22','Antiguo'),(120,'Hill, Anna','Femenino',21,'1963-12-12','Antiguo'),(121,'Williams, Ramon','Masculino',21,'1958-04-14','Antiguo'),(122,'Masters, Scott','Masculino',20,'1968-03-26','Antiguo'),(123,'Brady, Jr., Joseph','Masculino',21,'1960-08-10','Antiguo'),(124,'Gray, Ellen','Femenino',23,'1963-12-28','Antiguo'),(125,'Fielder, Henry','Masculino',22,'1965-09-01','Antiguo'),(126,'Finnell, Jeanine','Femenino',23,'1961-12-06','Antiguo'),(127,'Schuetz, Ian','Masculino',20,'1968-05-02','Antiguo'),(128,'Runyon, Richard','Masculino',23,'1960-03-25','Antiguo'),(129,'Potter, Linda','Femenino',22,'1980-11-30','Antiguo'),(130,'Smith, Mary','Femenino',22,'1975-02-24','Antiguo'),(131,'Brumagen, Barbara','Femenino',23,'1976-04-07','Antiguo'),(132,'Hamilton, Thelma','Femenino',22,'1959-01-28','Antiguo'),(133,'Wilbert, Shirley','Femenino',22,'1963-01-24','Antiguo'),(134,'Ingram, Jeremy','Masculino',22,'1967-05-07','Antiguo'),(135,'Haddix, Sharon','Femenino',23,'1961-02-04','Antiguo'),(136,'Thomas, Leland','Masculino',22,'1970-03-06','Antiguo'),(137,'Wilson, Don','Masculino',22,'1965-12-02','Antiguo'),(138,'Stovall, Wayne','Masculino',22,'1966-10-23','Antiguo'),(139,'Russell, Douglas','Masculino',20,'1964-11-01','Antiguo'),(140,'Doose, Maureen','Femenino',21,'1960-02-28','Antiguo'),(141,'Morreale, Ann','Femenino',21,'1954-07-25','Antiguo'),(142,'Rupert, Sheila','Femenino',23,'1962-04-23','Antiguo'),(143,'Pierson, Ashley','Femenino',21,'1974-07-29','Antiguo'),(144,'Nickels, Ivan','Masculino',20,'1966-05-07','Antiguo'),(145,'Neuhauser, Chad','Masculino',23,'1959-12-30','Antiguo'),(146,'Coke, Ann','Femenino',21,'1968-05-13','Antiguo'),(147,'Scarbrough, Jon','Masculino',19,'1968-09-30','Antiguo'),(148,'Martensen, Lillian','Femenino',22,'1957-06-30','Antiguo'),(149,'McCormick, Mary','Femenino',22,'1979-10-14','Antiguo'),(150,'Sparacino, James','Masculino',22,'1955-01-17','Antiguo'),(151,'Racette, John','Masculino',22,'1975-07-22','Antiguo'),(152,'Thompson, Edwardo','Masculino',22,'1956-08-19','Antiguo'),(153,'Warren, Sam','Masculino',22,'1954-11-06','Antiguo'),(154,'Chow-Wang, Shelby','Masculino',21,'1961-02-25','Antiguo'),(155,'Wood, Nelly','Femenino',22,'1951-11-03','Antiguo'),(156,'Morgan, Jackie','Femenino',21,'1971-07-02','Antiguo'),(157,'Boje, Gavin','Masculino',23,'1966-10-10','Antiguo'),(158,'Tsujimoto, Marlene','Femenino',21,'1981-01-02','Antiguo'),(159,'Bouton, RitaIva','Femenino',20,'1974-06-23','Antiguo'),(160,'Gras, Dell','Femenino',22,'1959-04-12','Antiguo'),(161,'Solano, Christopher','Masculino',20,'1971-01-02','Antiguo'),(162,'Armstrong, George','Masculino',22,'1963-05-04','Antiguo'),(163,'Aldred, Kristine','Femenino',21,'1971-07-04','Antiguo'),(164,'Jorgenson, Tom','Masculino',21,'1970-12-21','Antiguo'),(165,'Turner, Dana','Femenino',21,'1960-04-22','Antiguo'),(166,'Zakerski, Terry','Masculino',23,'1959-02-20','Antiguo'),(167,'Carlson, David','Femenino',21,'1956-03-26','Antiguo'),(168,'Symons, Linda','Femenino',23,'1972-12-06','Antiguo'),(169,'Reynolds, Louis','Masculino',22,'1963-05-04','Antiguo'),(170,'Ibsen, Maureen','Masculino',23,'1959-10-15','Antiguo'),(171,'Ciochon, Virginia','Femenino',22,'1966-06-15','Antiguo'),(172,'Berger, Steve','Femenino',20,'1972-11-09','Antiguo'),(173,'Bayol, James','Femenino',22,'1956-07-30','Antiguo'),(174,'Thumann, Meredith','Femenino',21,'1955-10-06','Antiguo'),(175,'Jones, Julie','Masculino',22,'1953-05-15','Antiguo'),(176,'Bury, Janet','Masculino',22,'1962-01-18','Antiguo'),(177,'Bevan, Onita','Masculino',22,'1967-10-29','Antiguo'),(178,'Monarco, Mary','Masculino',21,'1969-05-06','Antiguo'),(179,'Zingarelli, Vicky','Femenino',20,'1958-12-23','Antiguo'),(180,'Valentine, Helen','Femenino',20,'1968-10-03','Antiguo'),(181,'Scheulen, Carol','Femenino',23,'1975-11-06','Antiguo'),(182,'Koon, Virgie','Masculino',21,'1960-10-30','Antiguo'),(183,'Amole, Sarah','Femenino',23,'1947-10-06','Antiguo'),(184,'Hill, Cecil','Masculino',22,'1957-01-31','Antiguo'),(185,'Tate, Ruth','Femenino',23,'1961-04-27','Antiguo'),(186,'Schnurr, Larry','Masculino',20,'1959-02-22','Antiguo'),(187,'Sutton, Jerry','Femenino',21,'1969-07-27','Antiguo'),(188,'Mlincek, Kevin','Masculino',22,'1961-04-14','Antiguo'),(189,'Tucker, Edward','Femenino',22,'1947-02-11','Antiguo'),(190,'Forham, Kenton','Femenino',22,'1957-03-01','Antiguo'),(191,'Malik, Brittany','Femenino',22,'1967-09-28','Antiguo'),(192,'Eldridge, Jeannette','Masculino',22,'1966-07-25','Antiguo'),(193,'Anderson, Terry','Femenino',23,'1963-01-05','Antiguo'),(194,'Sosa, Loni','Femenino',22,'1952-08-07','Antiguo'),(195,'Mann, Marie','Masculino',22,'1958-05-09','Antiguo'),(196,'Prater, Michael','Femenino',22,'1964-11-21','Antiguo'),(197,'Ansaldo, Karen','Femenino',23,'1964-03-17','Antiguo'),(198,'Caijem, Lance','Masculino',22,'1962-12-03','Antiguo'),(199,'Yates, Pamela','Femenino',21,'1970-07-25','Antiguo'),(200,'Turner, Iwona','Femenino',20,'1977-12-14','Antiguo'),(201,'Fulcher, Mary','Femenino',20,'1961-07-30','Antiguo'),(202,'Berg, Raymond','Masculino',22,'1964-03-14','Antiguo'),(203,'Lopez, Ramona','Masculino',23,'1967-04-27','Antiguo'),(204,'Valdivia, Helen','Masculino',22,'1954-07-29','Antiguo'),(205,'Cardoza, Beverly','Femenino',23,'1972-11-09','Antiguo'),(206,'Hall, Mary','Masculino',22,'1972-09-23','Antiguo'),(207,'Minarick, Rachel','Femenino',20,'1969-03-15','Antiguo'),(208,'Los Olmos, Dorine','Masculino',23,'1973-11-01','Antiguo'),(209,'Garner, Dave','Femenino',22,'1964-06-27','Antiguo'),(210,'Leong, Lois','Masculino',22,'1967-12-10','Antiguo'),(211,'Tate, Larasa','Masculino',22,'1970-07-03','Antiguo'),(212,'Watson, David','Femenino',20,'1967-08-13','Antiguo'),(213,'Frank, James','Masculino',22,'1962-03-14','Antiguo'),(214,'Wood, Alfredo','Masculino',21,'1947-09-28','Antiguo'),(215,'Baird, Dorothy','Femenino',22,'1971-08-04','Antiguo'),(216,'Jans, George','Masculino',21,'1964-08-02','Antiguo'),(217,'Garrison, Bernadine','Masculino',23,'1962-12-15','Antiguo'),(218,'Zeller, Sam','Masculino',22,'1954-06-05','Antiguo'),(219,'Ace, Dorothy','Femenino',22,'1960-10-06','Antiguo'),(220,'Trujillo, Adria','Femenino',21,'1958-09-28','Antiguo'),(221,'McCown, Bunny','Femenino',20,'1974-04-14','Antiguo'),(222,'Miller, Nancy','Femenino',23,'1963-03-12','Antiguo'),(223,'Hollar, Wanda','Femenino',21,'1964-12-18','Antiguo'),(224,'Wallin, Barbara','Masculino',21,'1965-01-27','Antiguo'),(225,'Bruha, Michael','Femenino',22,'1969-09-18','Antiguo'),(226,'Suggs, Michael','Femenino',22,'1970-04-25','Antiguo'),(227,'Turner, Kenneth','Femenino',22,'1961-10-15','Antiguo'),(228,'Griffin, Lois','Femenino',22,'1964-08-12','Antiguo'),(229,'Guardamondo, Robert','Masculino',22,'1961-08-21','Antiguo'),(230,'West, Bryan','Femenino',22,'1965-01-26','Antiguo'),(231,'Welsh, Vicki','Femenino',21,'1976-09-23','Antiguo'),(232,'McCollum, Harvey','Masculino',22,'1956-12-05','Antiguo'),(233,'Cramer, Mary','Masculino',20,'1948-07-30','Antiguo'),(234,'Fike, Linda','Masculino',21,'1961-07-30','Antiguo'),(235,'Adair, Sam','Masculino',23,'1962-06-07','Antiguo'),(236,'Kolosso, Jerry','Masculino',23,'1959-09-28','Antiguo'),(237,'Carpenter, Todd','Femenino',20,'1971-11-27','Antiguo'),(238,'Watkins, Lisa','Masculino',20,'1960-10-07','Antiguo'),(239,'Barrera, Kevin','Masculino',20,'1976-01-16','Antiguo'),(240,'Price, Maria','Masculino',22,'1955-11-16','Antiguo'),(241,'Rosemont, Flossie','Masculino',21,'1959-08-14','Antiguo'),(242,'McMenama, Betty','Masculino',20,'1971-06-23','Antiguo'),(243,'Lyons, Max','Femenino',21,'1954-09-01','Antiguo'),(244,'Sandy Kurtz, Christine','Masculino',23,'1969-08-21','Antiguo'),(245,'Santry, Rita','Masculino',21,'1964-06-20','Antiguo'),(246,'Quigle, Catherine','Femenino',22,'1962-08-07','Antiguo'),(247,'Christensen, Patricia','Masculino',22,'1960-04-15','Antiguo'),(248,'Mercurio, Anne','Femenino',22,'1974-08-18','Antiguo'),(249,'McGrath, Louis','Masculino',23,'1980-03-25','Antiguo'),(250,'Wright, Rachael','Femenino',22,'1966-12-22','Antiguo'),(251,'Skuce, Richard','Masculino',20,'1965-03-02','Antiguo'),(252,'Coleman, George','Femenino',22,'1972-03-22','Antiguo'),(253,'Barnes, Lois','Masculino',23,'1973-11-26','Antiguo'),(254,'Camille, Jacky','Masculino',21,'1963-03-13','Antiguo'),(255,'Allenbach, Michelle','Masculino',21,'1969-03-14','Antiguo'),(256,'Smith, Franklin','Femenino',21,'1966-01-08','Antiguo'),(257,'Minker, John','Masculino',21,'1969-07-31','Antiguo'),(258,'Jimenez, Sarah','Masculino',22,'1978-09-18','Antiguo'),(259,'Malaby, Darwin','Masculino',22,'1977-11-07','Antiguo'),(260,'Caldwell, Pamela','Masculino',22,'1944-10-10','Antiguo'),(261,'Tinder, Roger','Femenino',22,'1956-03-01','Antiguo'),(262,'Kropff, Joseph','Femenino',22,'1971-04-03','Antiguo'),(263,'Worsham, Mimi','Femenino',22,'1978-12-29','Antiguo'),(264,'Bernal, Ruth','Femenino',20,'1956-04-21','Antiguo'),(265,'Zimmerman, Yolanda','Masculino',22,'1956-10-28','Antiguo'),(266,'Evans, Sandra','Femenino',22,'1960-07-03','Antiguo'),(267,'Bowman, Virginia','Masculino',21,'1967-12-31','Antiguo'),(268,'Coleman, Mary','Femenino',22,'1967-09-08','Antiguo'),(269,'Chrisulis, Kevin','Masculino',22,'1964-03-14','Antiguo'),(270,'Whitcomb, Lee','Masculino',21,'1958-07-16','Antiguo'),(271,'Turcios, Brian','Femenino',23,'1955-01-26','Antiguo'),(272,'Confetti, Jennifer','Femenino',20,'1966-05-01','Antiguo'),(273,'Takemura, Geneva','Masculino',20,'1965-07-29','Antiguo'),(274,'Campbell, Lynn','Femenino',23,'1956-05-13','Antiguo'),(275,'Smith, Nina','Masculino',22,'1951-06-10','Antiguo'),(276,'Vuong, Darrell','Masculino',22,'1966-06-28','Antiguo'),(277,'Abbott, Eric','Femenino',21,'1953-02-25','Antiguo'),(278,'Liff, Doris','Femenino',22,'1969-02-04','Antiguo'),(279,'Steinberg, John','Femenino',22,'1971-01-04','Antiguo'),(280,'Megel, Jerry','Femenino',22,'1947-08-04','Antiguo'),(281,'Styles, John','Femenino',22,'1955-06-09','Antiguo'),(282,'Head, Shirley','Masculino',22,'1950-05-25','Antiguo'),(283,'Story, James','Femenino',23,'1954-09-19','Antiguo'),(284,'Boone, Jean','Femenino',21,'1956-11-22','Antiguo'),(285,'Mccoy, Ralph','Femenino',23,'1958-05-25','Antiguo'),(286,'Tuck, Anne','Femenino',22,'1979-10-20','Antiguo'),(287,'Sincich, Joy','Femenino',22,'1964-07-19','Antiguo'),(288,'Jameson, Bertha','Femenino',22,'1963-11-19','Antiguo'),(289,'Sanchez, Charles','Masculino',22,'1970-03-02','Antiguo'),(290,'Parks, Wanda','Masculino',23,'1965-12-13','Antiguo'),(291,'Vij, Nathan','Masculino',20,'1967-08-04','Antiguo'),(292,'Zugschwert, Corinne','Masculino',22,'1974-09-27','Antiguo'),(293,'Adams, Michelle','Femenino',22,'1944-03-26','Antiguo'),(294,'Steen, Donahue','Masculino',22,'1969-05-15','Antiguo'),(295,'Baker, John','Femenino',23,'1969-09-17','Antiguo'),(296,'Pearl, Keith','Femenino',22,'1975-03-10','Antiguo'),(297,'Roundtree, Sarah','Femenino',23,'1960-07-11','Antiguo'),(298,'Bollin, Lawrence','Femenino',20,'1967-03-25','Antiguo'),(299,'Hopkins, Fred','Masculino',22,'1967-06-20','Antiguo'),(300,'Vicknair, Caroline','Femenino',21,'1965-05-18','Antiguo'),(301,'McPhearson, Nancy','Femenino',22,'1964-08-15','Antiguo'),(302,'Albright, Anna','Masculino',20,'1959-01-26','Antiguo'),(303,'Thomas, Phyllis','Masculino',22,'1966-09-07','Antiguo'),(304,'Perko, Tina','Femenino',21,'1966-04-22','Antiguo'),(305,'McCarty, Jane','Masculino',21,'1963-12-06','Antiguo'),(306,'Bent, Scot','Femenino',20,'1972-04-14','Antiguo'),(307,'Chambers, Pat','Femenino',21,'1946-01-25','Antiguo'),(308,'Bellifa, Stanley','Masculino',21,'1968-11-02','Antiguo'),(309,'Johnson, Samuel','Femenino',22,'1978-07-02','Antiguo'),(310,'Vrins, Janice','Masculino',22,'1960-03-04','Antiguo'),(311,'Mcdonald, Christinia','Masculino',22,'1954-10-20','Antiguo'),(312,'Weldon, Ole','Masculino',23,'1956-07-04','Antiguo'),(313,'Choin, Ruth','Femenino',21,'1961-12-13','Antiguo'),(314,'Crow, Sharon','Masculino',22,'1973-10-14','Antiguo'),(315,'Avalos, Robert','Masculino',22,'1968-10-21','Antiguo'),(316,'Jacobsen, Eric','Masculino',22,'1967-01-28','Antiguo'),(317,'Castro, Pamela','Femenino',22,'1980-04-14','Antiguo'),(318,'Caldwell, Sylvia','Femenino',22,'1974-11-12','Antiguo'),(319,'Reed, Russell','Femenino',23,'1954-08-29','Antiguo'),(320,'Kelley, Victor','Masculino',22,'1964-05-17','Antiguo'),(321,'Taylor, Damon','Masculino',21,'1960-03-11','Antiguo'),(322,'Robinson, Rebecca','Femenino',22,'1967-12-11','Antiguo'),(323,'Thomsen, Andrea','Masculino',23,'1960-02-12','Antiguo'),(324,'Baldwin, Douglas','Femenino',22,'1963-05-19','Antiguo'),(325,'Yuhasz, Ian','Femenino',21,'1968-12-24','Antiguo'),(326,'Carmody, Jovita','Femenino',22,'1954-12-30','Antiguo'),(327,'Gonzales, Lynn','Masculino',21,'1962-04-01','Antiguo'),(328,'Allen, Phyllis','Femenino',22,'1968-11-01','Antiguo'),(329,'Caprio, Johnny','Femenino',23,'1958-10-15','Antiguo'),(330,'Slaven, Lanna','Masculino',22,'1959-11-13','Antiguo'),(331,'Ortiz, Fred','Masculino',22,'1969-02-03','Antiguo'),(332,'Beaver, John','Femenino',19,'1956-06-09','Antiguo'),(333,'Rhodes, Albert','Femenino',23,'1974-04-21','Antiguo'),(334,'Kaffer, Scott','Femenino',22,'1951-02-19','Antiguo'),(335,'Bales, Jennifer','Masculino',21,'1968-05-02','Antiguo'),(336,'Stotka, Louis','Femenino',21,'1954-03-15','Antiguo'),(337,'Maynard, Sandra','Masculino',22,'1964-10-18','Antiguo'),(338,'Tuell, Gracia','Femenino',22,'1960-02-22','Antiguo'),(339,'Burnett, Timothy','Femenino',22,'1983-04-21','Antiguo'),(340,'Haugh, James','Masculino',21,'1953-09-27','Antiguo'),(341,'Moberly, Paula','Femenino',22,'1966-09-30','Antiguo'),(342,'Meyer, Eric','Femenino',22,'1962-03-12','Antiguo'),(343,'Orona, Gloria','Masculino',23,'1971-09-14','Antiguo'),(344,'Warmack, Ruth','Femenino',21,'1981-09-16','Antiguo'),(345,'Wall, Joanna','Masculino',20,'1968-03-17','Antiguo'),(346,'Appelbaum, Sabria','Femenino',22,'1971-05-03','Antiguo'),(347,'Kung, Jeffrey','Masculino',22,'1963-08-10','Antiguo'),(348,'Wilson, Gloria','Femenino',21,'1970-08-08','Antiguo'),(349,'Tuffield, Phyllis','Femenino',20,'1965-04-26','Antiguo'),(350,'Ping, Patricia','Masculino',22,'1965-11-28','Antiguo'),(351,'Shepard, David','Femenino',21,'1953-01-31','Antiguo'),(352,'Bailey, James','Femenino',23,'1946-03-05','Antiguo'),(353,'Chestnut, Susan','Femenino',20,'1971-01-01','Antiguo'),(354,'Toone, Delia','Femenino',22,'1961-10-11','Antiguo'),(355,'Armstrong, Thomas','Femenino',23,'1967-01-15','Antiguo'),(356,'Billstrom, Mary','Masculino',21,'1967-11-06','Antiguo'),(357,'Stotka, Robert','Femenino',21,'1975-11-07','Antiguo'),(358,'Johnson, Danielle','Femenino',21,'1947-09-08','Antiguo'),(359,'Lepro, Bonnie','Masculino',19,'1982-08-23','Antiguo'),(360,'Elliott, Carol','Femenino',22,'1949-11-30','Antiguo'),(361,'Steelman, Shanay','Femenino',21,'1959-10-22','Antiguo'),(362,'Adams, Frances','Femenino',21,'1963-03-09','Antiguo'),(363,'Poorbaugh, Alma','Femenino',21,'1967-06-21','Antiguo'),(364,'Hasty, Neal','Femenino',23,'1956-11-12','Antiguo'),(365,'Betsekas, Steven','Masculino',20,'1971-01-25','Antiguo'),(366,'Ziegler, Arvid','Femenino',23,'1968-02-13','Antiguo'),(367,'Weyerhaeuser, Ann','Femenino',20,'1964-02-20','Antiguo'),(368,'Robinson, Dorothy','Femenino',22,'1970-03-03','Antiguo'),(369,'Brunner, June','Masculino',23,'1971-04-19','Antiguo'),(370,'Frazier, Judith','Masculino',22,'1973-07-04','Antiguo'),(371,'Rector, Michelle','Masculino',23,'1961-02-20','Antiguo'),(372,'Caldwell, Mari','Femenino',23,'1953-10-12','Antiguo'),(373,'Gonzales, Linda','Femenino',21,'1962-02-18','Antiguo'),(374,'Monitor, Alan','Femenino',22,'1967-03-31','Antiguo'),(375,'Lewin, Elsie','Masculino',20,'1952-10-25','Antiguo'),(376,'Desalvo, Bev','Femenino',23,'1965-10-17','Antiguo'),(377,'Alpuerto, Oscar','Masculino',22,'1951-05-26','Antiguo'),(378,'Marshall, Cecelia','Masculino',21,'1965-09-14','Antiguo'),(379,'Bockenkamp, Gabriel','Masculino',23,'1969-11-30','Antiguo'),(380,'Kesterson, Alice','Femenino',19,'1971-09-26','Antiguo'),(381,'Alexander, J. Phillip','Masculino',22,'1956-02-28','Antiguo'),(382,'Mendoza, R. Morgan','Masculino',21,'1966-11-21','Antiguo'),(383,'Herrick, Pam','Masculino',22,'1980-11-05','Antiguo'),(384,'McCoy, James','Femenino',20,'1968-12-15','Antiguo'),(385,'Thoreson, Rossane','Femenino',21,'1971-06-13','Antiguo'),(386,'Snowden, Victoria','Masculino',21,'1964-09-16','Antiguo'),(387,'Blanton, Donald','Femenino',22,'1970-06-16','Antiguo'),(388,'Gibbens, Cornett','Masculino',22,'1965-12-22','Antiguo'),(389,'Alcorn, Paul','Masculino',21,'1955-02-03','Antiguo'),(390,'Miller, Virginia','Masculino',22,'1959-12-11','Antiguo'),(391,'Campen, Henry','Femenino',21,'1959-02-12','Antiguo'),(392,'Coffman, Connie','Masculino',22,'1948-03-10','Antiguo'),(393,'Bustamante, Jared','Masculino',21,'1974-02-11','Antiguo'),(394,'Eldridge, Carla','Femenino',21,'1965-04-30','Antiguo'),(395,'Sipsy, Barbara','Femenino',22,'1969-09-03','Antiguo'),(396,'Weimer, Dorothy','Masculino',21,'1969-12-22','Antiguo'),(397,'Irwin, Richard','Masculino',21,'1948-10-09','Antiguo'),(398,'Son, Alma','Masculino',22,'1950-08-04','Antiguo'),(399,'Brandon, Cornelius','Femenino',22,'1969-03-03','Antiguo'),(400,'Quintana, Monica','Masculino',21,'1969-01-05','Antiguo'),(401,'Colon, John','Femenino',22,'1965-07-02','Antiguo'),(402,'Barlow, Brenda','Masculino',22,'1973-10-15','Antiguo'),(403,'Adina, Ronald','Masculino',21,'1981-05-14','Antiguo'),(404,'Bohling, Michael','Femenino',22,'1970-09-23','Antiguo'),(405,'Wheeler, Sam','Masculino',22,'1964-04-12','Antiguo'),(406,'Swearengin, Abraham','Masculino',22,'1960-04-27','Antiguo'),(407,'Givens, David','Femenino',20,'1977-11-26','Antiguo'),(408,'Beanston, Glenna','Masculino',22,'1951-09-30','Antiguo'),(409,'Bruno, Dirk','Masculino',23,'1971-10-17','Antiguo'),(410,'Berger, Alexander','Masculino',23,'1951-10-23','Antiguo'),(411,'Sultan, Marcia','Masculino',23,'1957-08-31','Antiguo'),(412,'Svoboda, Martin','Femenino',20,'1953-09-10','Antiguo'),(413,'Tullao, Mary','Femenino',22,'1967-09-26','Antiguo'),(414,'Hernandez, Irene','Masculino',21,'1965-05-29','Antiguo'),(415,'Wilkie, Jay Saxema','Femenino',22,'1950-06-02','Antiguo'),(416,'Lunt, Sean','Femenino',23,'1974-06-02','Antiguo'),(417,'Fulton, Paul','Femenino',20,'1962-12-02','Antiguo'),(418,'Dillon, Rudolph','Femenino',23,'1976-10-27','Antiguo'),(419,'Miller, Matthew','Femenino',22,'1961-04-27','Antiguo'),(420,'Stern, Vassar','Femenino',21,'1956-05-18','Antiguo'),(421,'Suffin, Ruth','Masculino',22,'1956-10-13','Antiguo'),(422,'Cleary, Kristine','Femenino',22,'1957-09-16','Antiguo'),(423,'Homax, Jaunita','Femenino',23,'1959-01-14','Antiguo'),(424,'Adams, Margaret','Masculino',22,'1957-10-08','Antiguo'),(425,'Zubaty, Carla','Masculino',21,'1978-03-10','Antiguo'),(426,'Khan, Tammy','Masculino',21,'1957-11-07','Antiguo'),(427,'Brinkd, David','Masculino',22,'1974-04-09','Antiguo'),(428,'Clark, James','Masculino',21,'1977-10-30','Antiguo'),(429,'Dennis, Helen','Masculino',22,'1954-04-19','Antiguo'),(430,'Brumfield, Eric','Femenino',21,'1971-09-21','Antiguo'),(431,'Sanchez, Madalena','Femenino',21,'1964-01-26','Antiguo'),(432,'Suess, Gary','Femenino',22,'1973-01-30','Antiguo'),(433,'Trach, Glenn','Femenino',22,'1958-06-21','Antiguo'),(434,'White, Cynthia','Femenino',21,'1965-04-02','Antiguo'),(435,'Brian, Walter','Masculino',21,'1959-02-05','Antiguo'),(436,'Trujillo, Christie','Femenino',21,'1971-11-11','Antiguo'),(437,'Alameda, Lili','Femenino',23,'1980-06-03','Antiguo'),(438,'Fox, Dorothy','Masculino',22,'1977-10-23','Antiguo'),(439,'Gallagher, Aldeen','Femenino',22,'1954-05-31','Antiguo'),(440,'Myer, Dorothy','Femenino',22,'1971-04-26','Antiguo'),(441,'Byrnes, David','Femenino',21,'1975-01-28','Antiguo'),(442,'Ryan, Justine','Masculino',22,'1957-11-14','Antiguo'),(443,'Chand, Forrest','Femenino',20,'1956-06-15','Antiguo'),(444,'Vanderkamp, Margaret','Masculino',23,'1958-07-23','Antiguo'),(445,'Carroll, Rosmarie','Femenino',20,'1959-06-30','Antiguo'),(446,'Contreras, Dorothy','Masculino',23,'1968-07-17','Antiguo'),(447,'Cantoni, Joseph','Masculino',21,'1963-11-24','Antiguo'),(448,'Reed, Celine','Femenino',22,'1955-02-21','Antiguo'),(449,'Peterson, Glin','Masculino',22,'1966-12-15','Antiguo'),(450,'Osborn, Stephen','Femenino',22,'1965-08-07','Antiguo'),(451,'Graham., Lowell','Femenino',22,'1962-09-20','Antiguo'),(452,'Shaddy, Jamie','Femenino',22,'1960-04-12','Antiguo'),(453,'Haemon, Hattie','Masculino',20,'1966-07-25','Antiguo'),(454,'Krow, Jame','Femenino',22,'1965-11-16','Antiguo'),(455,'Belli, Shane','Masculino',20,'1965-07-15','Antiguo'),(456,'Porter, Ethel','Femenino',23,'1963-07-07','Antiguo'),(457,'Lesko, Gloria','Femenino',21,'1964-05-29','Antiguo'),(458,'Worland, Michael','Masculino',20,'1981-05-14','Antiguo'),(459,'Torre, Alvin','Masculino',22,'1950-09-14','Antiguo'),(460,'Ramos, Susan','Masculino',20,'1964-11-08','Antiguo'),(461,'Christie, Jill','Femenino',21,'1956-09-25','Antiguo'),(462,'Zocchi, Juanita','Masculino',23,'1965-07-22','Antiguo'),(463,'Altamirano, Sandra','Masculino',21,'1961-09-28','Antiguo'),(464,'Benson, Edna','Masculino',21,'1965-11-04','Antiguo'),(465,'Deborde, Alexander','Masculino',21,'1971-06-18','Antiguo'),(466,'Calone, Barbara','Femenino',21,'1978-12-21','Antiguo'),(467,'Pompa, Cheryl','Femenino',22,'1969-02-18','Antiguo'),(468,'Traube, Doris','Masculino',23,'1965-04-04','Antiguo'),(469,'Sloan, Cathy','Femenino',23,'1964-09-07','Antiguo'),(470,'Villa, Homer','Femenino',23,'1978-07-30','Antiguo'),(471,'Herman, Deena','Femenino',20,'1964-02-22','Antiguo'),(472,'Roberts, Leota','Femenino',23,'1974-08-11','Antiguo'),(473,'Mc Clane, John','Femenino',22,'1979-09-13','Antiguo'),(474,'Maxham, Jennifer','Masculino',21,'1955-04-18','Antiguo'),(475,'Sullivan, Elizabeth','Femenino',23,'1975-12-02','Antiguo'),(476,'Watada, Irene','Femenino',21,'1964-09-26','Antiguo'),(477,'Rhiger, Constance','Femenino',21,'1976-02-18','Antiguo'),(478,'Finley, Rhoda','Femenino',21,'1962-12-23','Antiguo'),(479,'Winter, Kathleen','Femenino',21,'1960-07-29','Antiguo'),(480,'Adams, Carla','Masculino',22,'1955-02-25','Antiguo'),(481,'Tench, Vanessa','Masculino',23,'1968-11-07','Antiguo'),(482,'Brink, Carol','Masculino',21,'1957-01-21','Antiguo'),(483,'Reynolds, Adam','Femenino',22,'1971-02-17','Antiguo'),(484,'Posner, Constance','Femenino',22,'1965-09-16','Antiguo'),(485,'Hapke, William','Masculino',22,'1966-04-28','Antiguo'),(486,'Huff, Joshua','Femenino',23,'1966-07-26','Antiguo'),(487,'Brown, Carolee','Masculino',23,'1975-02-27','Antiguo'),(488,'Giglio, Frances','Masculino',22,'1957-05-05','Antiguo'),(489,'Sherwood, Irma','Femenino',22,'1964-06-30','Antiguo'),(490,'Becker, Benjamin','Femenino',23,'1961-01-17','Antiguo'),(491,'Tedford, Chad','Masculino',23,'1962-08-11','Antiguo'),(492,'Roy, Luke','Masculino',23,'1965-03-19','Antiguo'),(493,'Holloway, Jean','Femenino',22,'1967-09-27','Antiguo'),(494,'Trau, Olga','Masculino',23,'1964-10-29','Antiguo'),(495,'Carnes, Steve','Masculino',22,'1960-10-05','Antiguo'),(496,'Potts, Betty','Masculino',21,'1955-12-16','Antiguo'),(497,'Kozlowski, Edward','Masculino',22,'1965-04-28','Antiguo'),(498,'Looney, Sharon','Masculino',22,'1967-01-09','Antiguo'),(499,'Magenheimer, Patrick','Femenino',22,'1954-07-30','Antiguo'),(500,'Hofsetz, Sue','Femenino',23,'1966-05-18','Antiguo'),(501,'Gilliat, Janet','Femenino',22,'1968-11-28','Antiguo'),(502,'Wojcik, Charlene','Femenino',22,'1959-03-25','Antiguo'),(503,'Wolf, Eunice','Femenino',21,'1959-08-03','Antiguo');
/*!40000 ALTER TABLE `dimension_vendedores` ENABLE KEYS */;
UNLOCK TABLES;

--
-- Table structure for table `tabla_hecho_ventas`
--

DROP TABLE IF EXISTS `tabla_hecho_ventas`;
/*!40101 SET @saved_cs_client     = @@character_set_client */;
/*!50503 SET character_set_client = utf8mb4 */;
CREATE TABLE `tabla_hecho_ventas` (
  `id_venta` int NOT NULL AUTO_INCREMENT,
  `id_tiempo` int DEFAULT NULL,
  `id_cliente` int DEFAULT NULL,
  `id_vendedor` int DEFAULT NULL,
  `id_producto` int DEFAULT NULL,
  `cantidad` int DEFAULT NULL,
  `precio` float DEFAULT NULL,
  PRIMARY KEY (`id_venta`),
  KEY `id_tiempo` (`id_tiempo`),
  KEY `id_cliente` (`id_cliente`),
  KEY `id_vendedor` (`id_vendedor`),
  KEY `id_producto` (`id_producto`),
  CONSTRAINT `tabla_hecho_ventas_ibfk_1` FOREIGN KEY (`id_tiempo`) REFERENCES `dimension_tiempo` (`id_tiempo`),
  CONSTRAINT `tabla_hecho_ventas_ibfk_2` FOREIGN KEY (`id_cliente`) REFERENCES `dimension_clientes` (`id_cliente`),
  CONSTRAINT `tabla_hecho_ventas_ibfk_3` FOREIGN KEY (`id_vendedor`) REFERENCES `dimension_vendedores` (`id_vendedor`),
  CONSTRAINT `tabla_hecho_ventas_ibfk_4` FOREIGN KEY (`id_producto`) REFERENCES `dimension_productos` (`product_id`)
) ENGINE=InnoDB AUTO_INCREMENT=204 DEFAULT CHARSET=utf8mb4 COLLATE=utf8mb4_0900_ai_ci;
/*!40101 SET character_set_client = @saved_cs_client */;

--
-- Dumping data for table `tabla_hecho_ventas`
--

LOCK TABLES `tabla_hecho_ventas` WRITE;
/*!40000 ALTER TABLE `tabla_hecho_ventas` DISABLE KEYS */;
INSERT INTO `tabla_hecho_ventas` VALUES (1,1,2298,242,2,5,7.5),(2,2,1050,440,3,6,3),(3,3,1257,371,1,5,3.5),(4,4,1082,62,13,5,6),(5,5,1233,237,15,4,3.2),(6,6,2115,66,1,33,23.1),(7,7,1036,370,2,9,13.5),(8,8,1345,64,2,8,12),(9,9,1253,499,28,1,0.5),(10,10,2091,437,16,18,21.6),(11,11,1261,59,5,8,13.6),(12,12,1015,169,7,10,9),(13,13,2182,440,3,7,3.5),(14,14,2017,378,1,3,2.1),(15,15,1077,236,8,9,15.3),(16,16,2108,492,10,23,25.3),(17,17,2094,305,7,5,4.5),(18,18,1256,65,10,5,5.5),(19,19,2094,63,11,11,18.7),(20,20,2233,63,1,8,5.6),(21,21,2057,239,5,29,49.3),(22,22,2318,376,9,28,19.6),(23,23,2236,431,5,28,47.6),(24,24,1216,172,5,1,1.7),(25,25,2235,238,19,30,33),(26,26,2304,430,3,16,8),(27,27,2291,60,4,25,22.5),(28,28,1139,296,1,9,6.3),(29,29,2307,305,4,4,3.6),(30,30,1153,167,3,9,4.5),(31,31,2264,66,2,17,25.5),(32,32,1092,497,6,10,7),(33,33,1065,234,6,8,5.6),(34,34,1328,294,22,10,7),(35,35,1128,496,20,10,17),(36,36,2118,172,8,5,8.5),(37,37,2208,375,3,11,5.5),(38,38,2066,237,1,22,15.4),(39,39,1306,292,4,1,0.9),(40,40,2290,178,29,5,3.5),(41,41,1056,299,25,10,7),(42,42,1197,68,9,6,4.2),(43,43,1342,305,11,1,1.7),(44,44,2125,171,1,26,18.2),(45,45,2266,62,1,7,4.9),(46,46,2061,170,7,23,20.7),(47,47,1133,432,3,6,3),(48,48,2265,175,14,28,50.4),(49,49,2111,241,3,41,20.5),(50,50,1136,242,20,6,10.2),(51,51,1216,438,22,8,5.6),(52,52,1355,373,21,4,2.8),(53,53,1236,298,7,1,0.9),(54,54,1071,233,4,4,3.6),(55,55,1218,373,8,9,15.3),(56,56,2294,61,14,30,54),(57,57,2213,231,6,26,18.2),(58,58,1047,114,1,1,0.7),(59,59,2019,300,1,20,14),(60,60,1040,298,3,3,1.5),(61,61,1227,62,9,10,7),(62,62,2181,231,1,9,6.3),(63,63,2036,175,7,14,12.6),(64,64,1019,62,8,10,17),(65,65,2271,294,8,9,15.3),(66,66,2055,167,1,24,16.8),(67,67,1035,110,23,7,10.5),(68,68,2020,371,9,17,11.9),(69,69,1131,64,3,10,5),(70,70,2109,240,10,4,4.4),(71,71,1056,306,20,2,3.4),(72,72,2130,116,6,25,17.5),(73,73,1269,501,2,8,12),(74,74,1299,494,5,8,13.6),(75,75,1342,235,2,6,9),(76,76,2031,222,4,19,17.1),(77,77,1302,376,2,9,13.5),(78,78,1105,66,9,3,2.1),(79,79,2160,436,2,7,10.5),(80,80,2251,293,1,11,7.7),(81,81,2127,432,5,29,49.3),(82,82,2126,374,1,11,7.7),(83,83,1191,167,22,4,2.8),(84,84,1229,232,24,5,2.5),(85,85,1282,222,1,1,0.7),(86,86,1298,107,3,8,4),(87,87,2061,65,8,26,44.2),(88,88,2258,305,6,24,16.8),(89,89,2137,296,7,27,24.3),(90,90,1196,177,12,7,4.9),(91,91,1166,437,22,1,0.7),(92,92,1118,68,6,2,1.4),(93,93,1005,370,19,8,8.8),(94,94,2261,169,4,12,10.8),(95,95,2261,301,3,5,2.5),(96,96,1053,114,6,6,4.2),(97,97,1114,298,16,8,9.6),(98,98,2101,63,9,12,8.4),(99,99,1303,108,23,1,1.5),(100,100,2281,303,8,4,6.8),(101,101,1127,65,19,10,11),(102,102,1335,378,16,4,4.8),(103,103,1229,170,17,4,8.8),(104,104,2016,237,9,13,9.1),(105,105,1266,499,6,10,7),(106,106,1168,499,26,3,4.5),(107,107,1326,168,6,3,2.1),(108,108,1355,438,11,2,3.4),(109,109,2315,432,5,12,20.4),(110,110,1256,434,5,8,13.6),(111,111,1324,435,5,6,10.2),(112,112,2167,63,17,26,57.2),(113,113,1192,61,7,7,6.3),(114,114,1119,177,7,10,9),(115,115,2119,168,12,12,8.4),(116,116,2055,297,5,2,3.4),(117,117,2016,293,3,19,9.5),(118,118,2024,234,5,14,23.8),(119,119,1295,233,13,10,12),(120,120,2104,108,8,6,10.2),(121,121,2064,116,10,12,13.2),(122,122,2048,68,6,15,10.5),(123,123,2036,114,4,75,67.5),(124,124,2295,494,1,24,16.8),(125,125,1228,368,25,9,6.3),(126,126,1175,430,12,1,0.7),(127,127,2065,498,5,17,28.9),(128,128,2079,297,5,16,27.2),(129,129,1181,434,6,10,7),(130,130,2259,240,1,20,14),(131,131,1056,236,1,1,0.7),(132,132,1305,231,12,1,0.7),(133,133,1071,500,21,8,5.6),(134,134,1226,305,32,9,5.4),(135,135,2018,169,1,14,9.8),(136,136,1274,435,4,5,4.5),(137,137,1228,222,9,10,7),(138,138,1228,68,2,4,6),(139,139,1039,60,11,3,5.1),(140,140,2104,240,2,40,60),(141,141,1323,499,5,9,15.3),(142,142,2094,302,27,30,15),(143,143,1335,497,10,5,5.5),(144,144,1086,240,1,4,2.8),(145,145,1356,111,1,2,1.4),(146,146,2008,368,6,7,4.9),(147,147,1057,110,6,10,7),(148,148,1033,440,8,3,5.1),(149,149,1224,294,5,1,1.7),(150,150,1232,169,3,1,0.5),(151,151,1298,374,6,6,4.2),(152,152,2233,436,3,14,7),(153,153,2321,172,1,8,5.6),(154,154,1350,68,5,2,3.4),(155,155,1060,238,8,7,11.9),(156,156,1277,108,19,5,5.5),(157,157,2132,172,5,27,45.9),(158,158,2091,62,5,23,39.1),(159,159,1345,177,3,9,4.5),(160,160,2062,110,1,19,13.3),(161,161,2008,306,4,27,24.3),(162,162,2322,222,6,8,5.6),(163,163,1330,63,12,10,7),(164,164,1143,495,3,7,3.5),(165,165,2184,433,1,32,22.4),(166,166,2069,305,1,23,16.1),(167,167,2106,235,4,26,23.4),(168,168,1262,175,8,1,1.7),(169,169,2148,111,8,28,47.6),(170,170,2251,107,3,8,4),(171,171,1133,222,5,4,6.8),(172,172,2113,60,8,12,20.4),(173,173,1123,239,11,6,10.2),(174,174,2007,236,1,6,4.2),(175,175,2312,175,1,20,14),(176,176,2264,303,7,10,9),(177,177,1234,66,11,4,6.8),(178,178,2055,296,1,49,34.3),(179,179,2083,431,14,30,54),(180,180,1303,108,14,45,81),(181,181,2281,303,15,5,4),(182,182,1127,65,11,8,13.6),(183,183,1232,169,5,1,1.7),(184,184,1298,374,1,2,1.4),(185,185,2233,436,5,2,3.4),(186,186,2321,172,4,10,9),(187,187,1350,68,3,3,1.5),(188,188,1060,238,1,36,25.2),(189,189,1277,108,1,8,5.6),(190,190,2132,172,2,32,48),(191,191,2091,62,13,3,3.6),(192,192,1345,177,12,4,2.8),(193,193,2062,110,32,1,0.6),(194,194,2008,306,7,21,18.9),(195,195,2322,222,1,21,14.7),(196,196,1330,63,6,10,7),(197,197,1143,495,9,22,15.4),(198,198,2184,433,4,29,26.1),(199,199,2069,305,32,4,2.4),(200,200,2106,235,5,1,1.7),(201,201,1262,175,13,8,9.6),(202,202,2148,111,13,9,10.8),(203,203,2251,107,17,2,4.4);
/*!40000 ALTER TABLE `tabla_hecho_ventas` ENABLE KEYS */;
UNLOCK TABLES;
/*!40103 SET TIME_ZONE=@OLD_TIME_ZONE */;

/*!40101 SET SQL_MODE=@OLD_SQL_MODE */;
/*!40014 SET FOREIGN_KEY_CHECKS=@OLD_FOREIGN_KEY_CHECKS */;
/*!40014 SET UNIQUE_CHECKS=@OLD_UNIQUE_CHECKS */;
/*!40101 SET CHARACTER_SET_CLIENT=@OLD_CHARACTER_SET_CLIENT */;
/*!40101 SET CHARACTER_SET_RESULTS=@OLD_CHARACTER_SET_RESULTS */;
/*!40101 SET COLLATION_CONNECTION=@OLD_COLLATION_CONNECTION */;
/*!40111 SET SQL_NOTES=@OLD_SQL_NOTES */;

-- Dump completed on 2024-10-31  0:11:27
